timestamp,user,source,target,field,action,purpose,volume
2026-05-18T09:35:56Z,analyst_08,internal_db.order_info,reporting_service,address,query,reporting,8
2026-05-18T09:07:35Z,service_bot_15,internal_db.location_trace,risk_engine,device_id,query,risk_control,12
2026-05-18T09:48:11Z,feature_job_15,internal_db.location_trace,recommendation_service,device_id,transfer,recommendation,10
2026-05-18T10:00:47Z,analyst_13,internal_db.order_info,reporting_service,order_id,sync,reporting,7
2026-05-18T10:25:31Z,report_job_19,internal_db.order_info,fraud_detection_service,order_id,query,fraud_detection,8
2026-05-18T09:05:43Z,feature_job_04,internal_db.order_info,risk_engine,order_id,transfer,risk_control,11
2026-05-18T10:56:26Z,bulk_sync_01,internal_db.user_profile,shadow_api,auth_token,export,unknown,8
2026-05-18T09:13:04Z,analyst_14,internal_db.payment_info,reporting_service,amount,sync,reporting,6
2026-05-18T10:46:38Z,unknown_job_01,internal_db.health_record,external_partner,email,sync,unauthorized_export,6
2026-05-18T09:12:57Z,service_bot_08,internal_db.order_info,reporting_service,address,sync,reporting,12
2026-05-18T09:10:02Z,feature_job_14,internal_db.user_profile,data_warehouse,email,sync,business_analysis,12
2026-05-18T10:12:48Z,analyst_28,internal_db.user_profile,risk_engine,email,sync,risk_control,12
2026-05-18T10:12:13Z,risk_job_03,internal_db.order_info,reporting_service,amount,sync,reporting,11
2026-05-18T09:57:31Z,report_job_28,internal_db.location_trace,recommendation_service,location,sync,recommendation,2
2026-05-18T10:39:45Z,shadow_worker_04,internal_db.order_info,recommendation_service,address,sync,recommendation,4
2026-05-18T09:06:46Z,report_job_04,internal_db.risk_control,external_payment_gateway,amount,query,business_integration,4
2026-05-18T09:45:44Z,report_job_29,internal_db.customer_service,risk_engine,order_id,query,risk_control,9
2026-05-18T10:24:42Z,risk_job_09,internal_db.device_log,data_warehouse,device_id,transfer,business_analysis,2
2026-05-18T09:57:45Z,analyst_28,internal_db.customer_service,fraud_detection_service,phone,transfer,fraud_detection,4
2026-05-18T09:19:29Z,sync_worker_08,internal_db.risk_control,analytics_service,amount,sync,statistics,11
2026-05-18T09:41:18Z,sync_worker_07,internal_db.device_log,risk_engine,device_id,sync,risk_control,6
2026-05-18T09:51:27Z,sync_worker_02,internal_db.location_trace,data_warehouse,location,transfer,business_analysis,11
2026-05-18T10:20:58Z,analyst_03,internal_db.audit_log,feature_platform,device_id,sync,feature_engineering,7
2026-05-18T10:05:13Z,service_bot_09,internal_db.location_trace,external_crm,phone,query,customer_service,3
2026-05-18T09:45:51Z,report_job_08,internal_db.device_log,data_warehouse,device_id,query,business_analysis,7
2026-05-18T09:42:07Z,report_job_06,internal_db.customer_service,fraud_detection_service,phone,query,fraud_detection,8
2026-05-18T09:45:23Z,feature_job_19,internal_db.user_profile,external_crm,email,transfer,customer_service,3
2026-05-18T09:01:10Z,sync_worker_20,internal_db.audit_log,feature_platform,device_id,sync,feature_engineering,10
2026-05-18T10:05:27Z,feature_job_17,internal_db.risk_control,risk_engine,device_id,query,risk_control,7
2026-05-18T09:00:35Z,report_job_19,internal_db.marketing_profile,feature_platform,name,sync,feature_engineering,1
2026-05-18T09:57:10Z,risk_job_28,internal_db.health_record,feature_platform,name,query,feature_engineering,3
2026-05-18T09:17:44Z,service_bot_10,internal_db.health_record,analytics_service,name,transfer,statistics,12
2026-05-18T09:53:54Z,analyst_27,internal_db.customer_service,feature_platform,order_id,query,feature_engineering,9
2026-05-18T10:32:17Z,report_job_28,internal_db.device_log,risk_engine,location,transfer,risk_control,8
2026-05-18T10:20:30Z,report_job_01,internal_db.marketing_profile,third_party_analytics,gender,sync,business_integration,11
2026-05-18T09:44:41Z,service_bot_29,internal_db.risk_control,analytics_service,device_id,query,statistics,11
2026-05-18T10:15:29Z,risk_job_22,internal_db.risk_control,analytics_service,amount,query,statistics,11
2026-05-18T10:18:52Z,service_bot_25,internal_db.order_info,risk_engine,order_id,query,risk_control,2
2026-05-18T10:35:54Z,analyst_27,internal_db.order_info,external_crm,order_id,query,customer_service,11
2026-05-18T10:24:56Z,risk_job_20,internal_db.audit_log,feature_platform,device_id,query,feature_engineering,8
2026-05-18T10:45:28Z,bulk_sync_06,internal_db.health_record,external_partner,bank_card,transfer,partner_sync,7
2026-05-18T09:32:12Z,sync_worker_17,internal_db.user_profile,feature_platform,email,transfer,feature_engineering,7
2026-05-18T09:31:30Z,analyst_12,internal_db.risk_control,risk_engine,amount,query,risk_control,6
2026-05-18T10:33:41Z,service_bot_23,internal_db.marketing_profile,third_party_analytics,age,sync,business_integration,5
2026-05-18T09:02:06Z,report_job_09,internal_db.user_profile,data_warehouse,email,transfer,business_analysis,4
2026-05-18T09:44:55Z,risk_job_06,internal_db.order_info,recommendation_service,order_id,transfer,recommendation,6
2026-05-18T10:38:00Z,analyst_21,internal_db.payment_info,reporting_service,amount,transfer,reporting,9
2026-05-18T10:49:05Z,partner_job_09,internal_db.risk_control,unknown_external,password,export,unknown,5
2026-05-18T10:22:36Z,service_bot_11,internal_db.location_trace,recommendation_service,location,query,recommendation,3
2026-05-18T10:50:22Z,shadow_worker_07,internal_db.customer_service,fraud_detection_service,order_id,sync,fraud_detection,172
2026-05-18T10:30:32Z,service_bot_15,internal_db.risk_control,analytics_service,device_id,sync,statistics,11
2026-05-18T09:58:34Z,report_job_25,internal_db.order_info,fraud_detection_service,amount,sync,fraud_detection,4
2026-05-18T09:56:56Z,sync_worker_14,internal_db.audit_log,fraud_detection_service,device_id,sync,fraud_detection,3
2026-05-18T10:35:19Z,feature_job_24,internal_db.marketing_profile,feature_platform,name,query,feature_engineering,2
2026-05-18T09:24:58Z,report_job_29,internal_db.device_log,risk_engine,device_id,sync,risk_control,11
2026-05-18T09:00:14Z,feature_job_14,internal_db.audit_log,recommendation_service,device_id,transfer,recommendation,1
2026-05-18T09:59:02Z,feature_job_27,internal_db.health_record,analytics_service,name,transfer,statistics,8
2026-05-18T10:10:56Z,feature_job_21,internal_db.risk_control,fraud_detection_service,amount,sync,fraud_detection,11
2026-05-18T09:04:33Z,feature_job_08,internal_db.customer_service,data_warehouse,order_id,transfer,business_analysis,2
2026-05-18T09:20:04Z,risk_job_17,internal_db.order_info,external_payment_gateway,amount,query,business_integration,8
2026-05-18T09:49:28Z,sync_worker_24,internal_db.audit_log,data_warehouse,device_id,transfer,business_analysis,12
2026-05-18T10:50:57Z,export_job_02,internal_db.marketing_profile,recommendation_service,gender,sync,fraud_detection,1
2026-05-18T10:46:59Z,partner_job_11,internal_db.payment_info,shadow_api,private_key,transfer,unknown,6
2026-05-18T09:39:47Z,sync_worker_17,internal_db.audit_log,recommendation_service,device_id,query,recommendation,4
2026-05-18T10:21:40Z,feature_job_08,internal_db.risk_control,risk_engine,device_id,transfer,risk_control,2
2026-05-18T09:21:56Z,service_bot_27,internal_db.marketing_profile,feature_platform,name,transfer,feature_engineering,8
2026-05-18T10:05:55Z,risk_job_26,internal_db.customer_service,feature_platform,email,sync,feature_engineering,2
2026-05-18T10:40:13Z,partner_job_10,internal_db.payment_info,external_partner,id_card,export,partner_sync,7
2026-05-18T10:00:54Z,analyst_21,internal_db.audit_log,feature_platform,device_id,transfer,feature_engineering,12
2026-05-18T09:12:50Z,risk_job_11,internal_db.device_log,data_warehouse,device_id,sync,business_analysis,9
2026-05-18T09:24:16Z,service_bot_23,internal_db.order_info,fraud_detection_service,address,sync,fraud_detection,1
2026-05-18T09:54:15Z,analyst_15,internal_db.audit_log,data_warehouse,device_id,transfer,business_analysis,9
2026-05-18T09:37:27Z,sync_worker_11,internal_db.audit_log,fraud_detection_service,device_id,query,fraud_detection,3
2026-05-18T10:43:43Z,shadow_worker_07,internal_db.order_info,external_partner,face_id,export,partner_sync,5
2026-05-18T09:07:42Z,sync_worker_27,internal_db.device_log,feature_platform,device_id,query,feature_engineering,5
2026-05-18T09:07:21Z,analyst_18,internal_db.risk_control,analytics_service,amount,transfer,statistics,9
2026-05-18T09:56:14Z,service_bot_17,internal_db.health_record,risk_engine,name,sync,risk_control,4
2026-05-18T09:34:53Z,report_job_25,internal_db.payment_info,recommendation_service,amount,query,recommendation,10
2026-05-18T09:15:03Z,feature_job_22,internal_db.user_profile,feature_platform,email,sync,feature_engineering,7
2026-05-18T09:20:53Z,service_bot_11,internal_db.order_info,external_crm,order_id,sync,customer_service,12
2026-05-18T10:09:04Z,report_job_23,internal_db.risk_control,external_payment_gateway,amount,sync,business_integration,8
2026-05-18T10:20:37Z,risk_job_07,internal_db.marketing_profile,fraud_detection_service,gender,transfer,fraud_detection,5
2026-05-18T10:00:40Z,sync_worker_08,internal_db.risk_control,analytics_service,amount,sync,statistics,11
2026-05-18T10:25:10Z,analyst_04,internal_db.marketing_profile,fraud_detection_service,gender,sync,fraud_detection,4
2026-05-18T09:53:33Z,report_job_23,internal_db.risk_control,analytics_service,device_id,query,statistics,8
2026-05-18T09:50:03Z,service_bot_10,internal_db.device_log,recommendation_service,device_id,sync,recommendation,12
2026-05-18T09:58:20Z,feature_job_21,internal_db.marketing_profile,risk_engine,gender,sync,risk_control,5
2026-05-18T10:05:20Z,report_job_03,internal_db.payment_info,external_payment_gateway,amount,sync,business_integration,10
2026-05-18T10:03:35Z,service_bot_09,internal_db.marketing_profile,risk_engine,name,sync,risk_control,5
2026-05-18T10:53:52Z,partner_job_09,internal_db.marketing_profile,external_partner,salary,sync,partner_sync,3
2026-05-18T10:22:43Z,analyst_05,internal_db.location_trace,data_warehouse,location,query,business_analysis,12
2026-05-18T10:55:23Z,export_job_07,internal_db.order_info,shadow_api,password,sync,unknown,1
2026-05-18T09:40:43Z,feature_job_11,internal_db.user_profile,data_warehouse,email,query,business_analysis,3
2026-05-18T10:37:25Z,analyst_29,internal_db.risk_control,risk_engine,device_id,sync,risk_control,8
2026-05-18T09:25:19Z,report_job_04,internal_db.health_record,fraud_detection_service,name,transfer,fraud_detection,7
2026-05-18T10:55:30Z,export_job_11,internal_db.order_info,fraud_detection_service,address,export,fraud_detection,3
2026-05-18T09:42:14Z,analyst_24,internal_db.location_trace,analytics_service,location,sync,statistics,10
2026-05-18T09:33:01Z,feature_job_22,internal_db.customer_service,data_warehouse,email,sync,business_analysis,1
2026-05-18T09:49:56Z,feature_job_16,internal_db.user_profile,external_crm,phone,transfer,customer_service,4
2026-05-18T09:17:16Z,risk_job_10,internal_db.location_trace,analytics_service,location,sync,statistics,4
2026-05-18T09:03:02Z,sync_worker_29,internal_db.risk_control,external_payment_gateway,amount,query,business_integration,5
2026-05-18T10:01:29Z,sync_worker_27,internal_db.health_record,risk_engine,name,sync,risk_control,2
2026-05-18T09:06:04Z,analyst_13,internal_db.payment_info,feature_platform,amount,sync,feature_engineering,8
2026-05-18T10:26:41Z,feature_job_29,internal_db.marketing_profile,feature_platform,gender,transfer,feature_engineering,8
2026-05-18T10:06:58Z,service_bot_30,internal_db.order_info,fraud_detection_service,amount,query,fraud_detection,4
2026-05-18T10:42:26Z,unknown_job_09,internal_db.order_info,third_party_analytics,address,transfer,unauthorized_export,4
2026-05-18T09:10:16Z,risk_job_02,internal_db.customer_service,feature_platform,order_id,query,feature_engineering,7
2026-05-18T09:39:40Z,analyst_04,internal_db.customer_service,risk_engine,order_id,sync,risk_control,10
2026-05-18T09:01:59Z,sync_worker_11,internal_db.audit_log,feature_platform,device_id,transfer,feature_engineering,4
2026-05-18T10:50:43Z,bulk_sync_04,internal_db.health_record,external_partner,bank_card,sync,partner_sync,1
2026-05-18T10:18:10Z,service_bot_29,internal_db.order_info,reporting_service,order_id,query,reporting,7
2026-05-18T09:37:41Z,sync_worker_15,internal_db.marketing_profile,external_ad_platform,age,transfer,business_integration,7
2026-05-18T09:35:21Z,analyst_02,internal_db.risk_control,analytics_service,device_id,sync,statistics,5
2026-05-18T10:38:42Z,report_job_14,internal_db.user_profile,feature_platform,email,transfer,feature_engineering,9
2026-05-18T10:27:02Z,service_bot_05,internal_db.payment_info,feature_platform,amount,transfer,feature_engineering,7
2026-05-18T09:22:31Z,risk_job_30,internal_db.device_log,recommendation_service,device_id,query,recommendation,5
2026-05-18T10:31:07Z,service_bot_05,internal_db.user_profile,external_crm,phone,query,customer_service,4
2026-05-18T09:23:55Z,sync_worker_23,internal_db.marketing_profile,risk_engine,gender,sync,risk_control,9
2026-05-18T09:05:36Z,service_bot_09,internal_db.payment_info,analytics_service,order_id,sync,statistics,4
2026-05-18T09:33:22Z,analyst_16,internal_db.location_trace,data_warehouse,location,query,business_analysis,7
2026-05-18T09:53:19Z,sync_worker_30,internal_db.order_info,external_payment_gateway,order_id,sync,business_integration,6
2026-05-18T10:44:39Z,unknown_job_03,internal_db.health_record,risk_engine,name,transfer,customer_service,3
2026-05-18T09:34:25Z,risk_job_25,internal_db.location_trace,recommendation_service,location,transfer,recommendation,2
2026-05-18T10:02:53Z,analyst_05,internal_db.health_record,external_ad_platform,age,transfer,business_integration,3
2026-05-18T10:52:35Z,partner_job_05,internal_db.location_trace,shadow_api,phone,export,unknown,8
2026-05-18T10:33:06Z,feature_job_25,internal_db.health_record,external_ad_platform,age,transfer,business_integration,8
2026-05-18T09:13:53Z,report_job_19,internal_db.audit_log,recommendation_service,device_id,query,recommendation,11
2026-05-18T10:51:11Z,bulk_sync_03,internal_db.health_record,shadow_api,private_key,export,unknown,1
2026-05-18T09:50:45Z,feature_job_23,internal_db.audit_log,recommendation_service,device_id,sync,recommendation,3
2026-05-18T09:29:03Z,sync_worker_28,internal_db.payment_info,recommendation_service,amount,transfer,recommendation,3
2026-05-18T10:31:21Z,sync_worker_16,internal_db.marketing_profile,third_party_analytics,age,sync,business_integration,5
2026-05-18T09:27:39Z,service_bot_29,internal_db.order_info,recommendation_service,order_id,query,recommendation,3
2026-05-18T10:04:31Z,service_bot_13,internal_db.risk_control,risk_engine,device_id,sync,risk_control,5
2026-05-18T10:17:56Z,analyst_07,internal_db.order_info,third_party_analytics,product_id,query,business_integration,4
2026-05-18T10:14:54Z,report_job_23,internal_db.audit_log,data_warehouse,device_id,sync,business_analysis,2
2026-05-18T09:30:06Z,analyst_05,internal_db.customer_service,fraud_detection_service,order_id,sync,fraud_detection,10
2026-05-18T09:53:47Z,feature_job_23,internal_db.audit_log,fraud_detection_service,device_id,sync,fraud_detection,2
2026-05-18T10:40:06Z,partner_job_03,internal_db.audit_log,third_party_analytics,location,sync,background_sync,3
2026-05-18T09:08:52Z,risk_job_07,internal_db.location_trace,risk_engine,location,query,risk_control,4
2026-05-18T10:50:01Z,bulk_sync_09,internal_db.payment_info,external_partner,id_card,sync,partner_sync,7
2026-05-18T10:29:22Z,risk_job_27,internal_db.health_record,fraud_detection_service,name,sync,fraud_detection,9
2026-05-18T10:03:56Z,sync_worker_21,internal_db.device_log,risk_engine,device_id,sync,risk_control,10
2026-05-18T09:10:23Z,risk_job_14,internal_db.user_profile,risk_engine,email,transfer,risk_control,11
2026-05-18T09:01:38Z,sync_worker_30,internal_db.order_info,external_crm,order_id,query,customer_service,11
2026-05-18T10:46:31Z,export_job_04,internal_db.payment_info,external_partner,salary,export,partner_sync,6
2026-05-18T09:05:29Z,service_bot_07,internal_db.order_info,fraud_detection_service,order_id,query,fraud_detection,8
2026-05-18T10:45:42Z,bulk_sync_03,internal_db.order_info,fraud_detection_service,order_id,sync,customer_service,2
2026-05-18T10:41:16Z,unknown_job_09,internal_db.payment_info,external_partner,id_card,transfer,partner_sync,5
2026-05-18T09:16:34Z,feature_job_01,internal_db.device_log,recommendation_service,device_id,query,recommendation,4
2026-05-18T09:08:17Z,risk_job_02,internal_db.location_trace,external_crm,phone,transfer,customer_service,6
2026-05-18T10:31:28Z,report_job_24,internal_db.marketing_profile,feature_platform,gender,transfer,feature_engineering,10
2026-05-18T10:35:05Z,risk_job_14,internal_db.order_info,external_payment_gateway,order_id,query,business_integration,2
2026-05-18T09:51:41Z,service_bot_30,internal_db.payment_info,recommendation_service,amount,transfer,recommendation,7
2026-05-18T09:55:46Z,feature_job_25,internal_db.user_profile,data_warehouse,email,transfer,business_analysis,4
2026-05-18T09:34:18Z,report_job_28,internal_db.audit_log,fraud_detection_service,device_id,sync,fraud_detection,12
2026-05-18T09:34:04Z,sync_worker_30,internal_db.payment_info,feature_platform,amount,sync,feature_engineering,2
2026-05-18T10:20:44Z,service_bot_02,internal_db.device_log,recommendation_service,device_id,query,recommendation,10
2026-05-18T09:14:07Z,risk_job_13,internal_db.payment_info,recommendation_service,amount,sync,recommendation,4
2026-05-18T09:17:30Z,service_bot_07,internal_db.health_record,external_ad_platform,age,query,business_integration,8
2026-05-18T10:52:14Z,unknown_job_04,internal_db.health_record,unknown_external,password,transfer,unknown,5
2026-05-18T10:32:45Z,risk_job_28,internal_db.risk_control,analytics_service,amount,query,statistics,3
2026-05-18T10:37:04Z,service_bot_04,internal_db.payment_info,analytics_service,amount,sync,statistics,10
2026-05-18T10:53:24Z,shadow_worker_04,internal_db.location_trace,risk_engine,location,export,risk_control,8
2026-05-18T09:00:07Z,sync_worker_04,internal_db.health_record,analytics_service,name,query,statistics,12
2026-05-18T10:17:14Z,risk_job_03,internal_db.marketing_profile,external_ad_platform,gender,query,business_integration,8
2026-05-18T10:10:42Z,sync_worker_28,internal_db.device_log,recommendation_service,device_id,transfer,recommendation,4
2026-05-18T09:14:49Z,report_job_23,internal_db.order_info,recommendation_service,order_id,sync,recommendation,6
2026-05-18T09:13:39Z,report_job_11,internal_db.risk_control,fraud_detection_service,amount,query,fraud_detection,11
2026-05-18T09:00:21Z,service_bot_17,internal_db.order_info,reporting_service,address,query,reporting,1
2026-05-18T10:12:55Z,analyst_08,internal_db.payment_info,analytics_service,order_id,sync,statistics,2
2026-05-18T09:43:17Z,feature_job_13,internal_db.payment_info,recommendation_service,amount,query,recommendation,2
2026-05-18T10:14:12Z,report_job_13,internal_db.user_profile,analytics_service,email,transfer,statistics,4
2026-05-18T10:39:52Z,partner_job_02,internal_db.order_info,fraud_detection_service,address,export,fraud_detection,85
2026-05-18T10:29:08Z,service_bot_27,internal_db.payment_info,recommendation_service,amount,transfer,recommendation,4
2026-05-18T10:24:07Z,risk_job_09,internal_db.health_record,feature_platform,name,transfer,feature_engineering,12
2026-05-18T09:52:30Z,report_job_17,internal_db.payment_info,recommendation_service,amount,sync,recommendation,2
2026-05-18T09:55:25Z,sync_worker_24,internal_db.device_log,feature_platform,location,query,feature_engineering,7
2026-05-18T10:26:20Z,risk_job_19,internal_db.device_log,risk_engine,device_id,transfer,risk_control,3
2026-05-18T09:13:18Z,sync_worker_01,internal_db.marketing_profile,risk_engine,phone,query,risk_control,7
2026-05-18T10:09:39Z,analyst_25,internal_db.location_trace,risk_engine,phone,query,risk_control,8
2026-05-18T09:55:39Z,service_bot_30,internal_db.payment_info,reporting_service,amount,query,reporting,2
2026-05-18T10:43:29Z,unknown_job_01,internal_db.audit_log,unknown_external,device_id,export,unauthorized_export,2
2026-05-18T10:43:08Z,bulk_sync_11,internal_db.audit_log,shadow_api,auth_token,transfer,unknown,1
2026-05-18T09:25:05Z,analyst_15,internal_db.audit_log,recommendation_service,device_id,sync,recommendation,10
2026-05-18T09:56:21Z,feature_job_20,internal_db.marketing_profile,third_party_analytics,gender,query,business_integration,6
2026-05-18T09:04:19Z,report_job_29,internal_db.user_profile,external_crm,phone,query,customer_service,8
2026-05-18T09:43:52Z,service_bot_23,internal_db.device_log,data_warehouse,device_id,query,business_analysis,12
2026-05-18T10:08:43Z,risk_job_27,internal_db.payment_info,analytics_service,amount,sync,statistics,10
2026-05-18T10:38:28Z,feature_job_15,internal_db.risk_control,analytics_service,device_id,transfer,statistics,8
2026-05-18T09:16:48Z,sync_worker_16,internal_db.health_record,external_ad_platform,age,query,business_integration,12
2026-05-18T09:46:40Z,feature_job_14,internal_db.device_log,data_warehouse,device_id,transfer,business_analysis,3
2026-05-18T09:59:09Z,risk_job_25,internal_db.audit_log,feature_platform,device_id,sync,feature_engineering,12
2026-05-18T09:48:46Z,sync_worker_28,internal_db.customer_service,data_warehouse,email,query,business_analysis,11
2026-05-18T09:30:41Z,risk_job_22,internal_db.location_trace,data_warehouse,location,sync,business_analysis,6
2026-05-18T09:38:51Z,report_job_03,internal_db.location_trace,risk_engine,location,sync,risk_control,4
2026-05-18T10:02:04Z,feature_job_13,internal_db.customer_service,fraud_detection_service,phone,sync,fraud_detection,1
2026-05-18T09:36:38Z,risk_job_21,internal_db.payment_info,reporting_service,amount,query,reporting,11
2026-05-18T10:44:46Z,unknown_job_11,internal_db.customer_service,external_partner,credit_score,sync,partner_sync,2
2026-05-18T10:36:57Z,report_job_21,internal_db.order_info,external_payment_gateway,amount,transfer,business_integration,2
2026-05-18T10:53:10Z,bulk_sync_10,internal_db.marketing_profile,external_partner,face_id,export,partner_sync,6
2026-05-18T10:32:52Z,report_job_11,internal_db.marketing_profile,external_ad_platform,age,query,business_integration,3
2026-05-18T09:53:05Z,sync_worker_04,internal_db.health_record,feature_platform,name,sync,feature_engineering,5
2026-05-18T09:15:38Z,analyst_28,internal_db.user_profile,external_crm,phone,sync,customer_service,8
2026-05-18T09:48:25Z,feature_job_24,internal_db.payment_info,feature_platform,amount,sync,feature_engineering,10
2026-05-18T10:42:19Z,partner_job_09,internal_db.customer_service,external_partner,credit_score,export,partner_sync,8
2026-05-18T09:54:36Z,feature_job_03,internal_db.user_profile,risk_engine,email,transfer,risk_control,7
2026-05-18T10:02:39Z,sync_worker_13,internal_db.payment_info,external_payment_gateway,order_id,sync,business_integration,6
2026-05-18T10:39:38Z,bulk_sync_10,internal_db.payment_info,shadow_api,auth_token,transfer,unknown,2
2026-05-18T09:03:23Z,feature_job_30,internal_db.audit_log,data_warehouse,device_id,transfer,business_analysis,11
2026-05-18T09:41:11Z,feature_job_13,internal_db.location_trace,data_warehouse,location,query,business_analysis,8
2026-05-18T10:43:22Z,shadow_worker_02,internal_db.order_info,external_partner,bank_card,transfer,partner_sync,4
2026-05-18T09:21:49Z,risk_job_18,internal_db.health_record,feature_platform,name,transfer,feature_engineering,9
2026-05-18T09:37:55Z,service_bot_18,internal_db.device_log,data_warehouse,device_id,transfer,business_analysis,5
2026-05-18T10:21:12Z,report_job_26,internal_db.location_trace,external_crm,phone,query,customer_service,6
2026-05-18T10:55:44Z,export_job_11,internal_db.payment_info,unknown_external,amount,export,unknown,1
2026-05-18T10:41:02Z,unknown_job_01,internal_db.user_profile,unknown_external,age,sync,unknown,7
2026-05-18T09:49:00Z,feature_job_16,internal_db.health_record,analytics_service,name,transfer,statistics,9
2026-05-18T09:47:29Z,risk_job_02,internal_db.location_trace,risk_engine,device_id,sync,risk_control,1
2026-05-18T10:19:13Z,risk_job_28,internal_db.device_log,feature_platform,location,transfer,feature_engineering,2
2026-05-18T10:28:26Z,service_bot_05,internal_db.order_info,external_payment_gateway,order_id,sync,business_integration,12
2026-05-18T09:35:28Z,feature_job_20,internal_db.order_info,risk_engine,order_id,query,risk_control,7
2026-05-18T09:30:27Z,report_job_15,internal_db.user_profile,external_crm,email,transfer,customer_service,7
2026-05-18T10:12:27Z,report_job_21,internal_db.marketing_profile,third_party_analytics,age,transfer,business_integration,12
2026-05-18T10:25:45Z,service_bot_04,internal_db.device_log,data_warehouse,device_id,transfer,business_analysis,4
2026-05-18T10:04:59Z,sync_worker_07,internal_db.marketing_profile,third_party_analytics,gender,sync,business_integration,5
2026-05-18T10:54:34Z,shadow_worker_10,internal_db.risk_control,fraud_detection_service,amount,export,fraud_detection,90
2026-05-18T10:18:45Z,risk_job_15,internal_db.order_info,third_party_analytics,product_id,sync,business_integration,4
2026-05-18T10:13:16Z,feature_job_21,internal_db.order_info,risk_engine,order_id,transfer,risk_control,8
2026-05-18T09:28:21Z,report_job_09,internal_db.location_trace,analytics_service,location,transfer,statistics,2
2026-05-18T10:47:48Z,partner_job_10,internal_db.user_profile,feature_platform,email,transfer,statistics,3
2026-05-18T09:42:35Z,service_bot_28,internal_db.payment_info,feature_platform,amount,query,feature_engineering,11
2026-05-18T09:11:40Z,feature_job_28,internal_db.health_record,feature_platform,age,transfer,feature_engineering,8
2026-05-18T09:47:50Z,service_bot_04,internal_db.customer_service,risk_engine,order_id,sync,risk_control,6
2026-05-18T10:53:03Z,export_job_11,internal_db.risk_control,analytics_service,device_id,transfer,customer_service,1
2026-05-18T09:20:46Z,risk_job_14,internal_db.order_info,reporting_service,product_id,sync,reporting,6
2026-05-18T09:26:36Z,risk_job_24,internal_db.device_log,risk_engine,location,sync,risk_control,2
2026-05-18T10:23:53Z,risk_job_11,internal_db.order_info,risk_engine,order_id,transfer,risk_control,11
2026-05-18T09:23:13Z,report_job_22,internal_db.risk_control,risk_engine,device_id,query,risk_control,3
2026-05-18T09:05:22Z,analyst_13,internal_db.user_profile,external_crm,email,query,customer_service,6
2026-05-18T09:03:16Z,sync_worker_29,internal_db.risk_control,analytics_service,amount,query,statistics,5
2026-05-18T10:35:40Z,service_bot_02,internal_db.marketing_profile,feature_platform,gender,query,feature_engineering,8
2026-05-18T10:42:12Z,partner_job_01,internal_db.payment_info,external_partner,email,sync,background_sync,6
2026-05-18T09:02:41Z,analyst_05,internal_db.order_info,reporting_service,order_id,query,reporting,3
2026-05-18T09:35:00Z,sync_worker_11,internal_db.risk_control,feature_platform,device_id,transfer,feature_engineering,8
2026-05-18T09:19:15Z,sync_worker_20,internal_db.marketing_profile,feature_platform,gender,sync,feature_engineering,5
2026-05-18T09:24:44Z,sync_worker_08,internal_db.marketing_profile,risk_engine,phone,sync,risk_control,10
2026-05-18T10:33:13Z,service_bot_20,internal_db.health_record,external_ad_platform,age,sync,business_integration,11
2026-05-18T09:04:12Z,sync_worker_10,internal_db.health_record,risk_engine,name,sync,risk_control,11
2026-05-18T09:31:51Z,service_bot_09,internal_db.device_log,recommendation_service,device_id,query,recommendation,5
2026-05-18T09:55:32Z,service_bot_08,internal_db.audit_log,recommendation_service,device_id,sync,recommendation,6
2026-05-18T09:20:32Z,report_job_17,internal_db.user_profile,data_warehouse,email,query,business_analysis,8
2026-05-18T10:16:46Z,service_bot_11,internal_db.user_profile,data_warehouse,email,transfer,business_analysis,7
2026-05-18T09:27:25Z,sync_worker_10,internal_db.location_trace,external_crm,phone,query,customer_service,7
2026-05-18T09:48:18Z,risk_job_30,internal_db.audit_log,data_warehouse,device_id,query,business_analysis,6
2026-05-18T10:43:15Z,partner_job_09,internal_db.location_trace,external_partner,email,transfer,background_sync,3
2026-05-18T09:25:12Z,sync_worker_09,internal_db.device_log,feature_platform,location,sync,feature_engineering,5
2026-05-18T09:09:55Z,risk_job_06,internal_db.user_profile,feature_platform,email,query,feature_engineering,5
2026-05-18T10:20:16Z,service_bot_03,internal_db.user_profile,external_crm,phone,sync,customer_service,2
2026-05-18T09:17:02Z,risk_job_22,internal_db.marketing_profile,recommendation_service,gender,query,recommendation,6
2026-05-18T10:48:37Z,partner_job_09,internal_db.payment_info,external_partner,salary,transfer,partner_sync,1
2026-05-18T10:41:30Z,shadow_worker_07,internal_db.order_info,external_payment_gateway,amount,sync,statistics,7
2026-05-18T10:56:05Z,partner_job_04,internal_db.audit_log,external_partner,address,transfer,unauthorized_export,8
2026-05-18T10:18:03Z,analyst_05,internal_db.marketing_profile,feature_platform,gender,query,feature_engineering,5
2026-05-18T10:08:57Z,feature_job_21,internal_db.marketing_profile,risk_engine,phone,sync,risk_control,7
2026-05-18T09:02:55Z,feature_job_09,internal_db.customer_service,fraud_detection_service,email,query,fraud_detection,1
2026-05-18T09:30:48Z,analyst_03,internal_db.payment_info,reporting_service,amount,transfer,reporting,2
2026-05-18T09:35:42Z,feature_job_16,internal_db.health_record,fraud_detection_service,name,query,fraud_detection,3
2026-05-18T09:48:39Z,risk_job_22,internal_db.user_profile,feature_platform,email,transfer,feature_engineering,7
2026-05-18T10:03:14Z,risk_job_28,internal_db.customer_service,fraud_detection_service,phone,sync,fraud_detection,1
2026-05-18T09:30:55Z,sync_worker_24,internal_db.marketing_profile,fraud_detection_service,name,sync,fraud_detection,3
2026-05-18T10:42:05Z,bulk_sync_08,internal_db.payment_info,shadow_api,amount,sync,unknown,1
2026-05-18T10:12:34Z,service_bot_16,internal_db.order_info,fraud_detection_service,order_id,transfer,fraud_detection,3
2026-05-18T09:27:11Z,service_bot_16,internal_db.order_info,fraud_detection_service,amount,transfer,fraud_detection,10
2026-05-18T09:26:57Z,feature_job_04,internal_db.user_profile,risk_engine,email,sync,risk_control,6
2026-05-18T09:51:13Z,analyst_18,internal_db.marketing_profile,external_ad_platform,age,transfer,business_integration,7
2026-05-18T09:59:44Z,analyst_07,internal_db.order_info,risk_engine,order_id,query,risk_control,8
2026-05-18T10:29:15Z,analyst_30,internal_db.user_profile,data_warehouse,email,sync,business_analysis,12
2026-05-18T09:54:50Z,report_job_06,internal_db.user_profile,data_warehouse,email,transfer,business_analysis,11
2026-05-18T09:31:58Z,analyst_06,internal_db.location_trace,recommendation_service,device_id,transfer,recommendation,10
2026-05-18T10:47:34Z,bulk_sync_12,internal_db.order_info,external_partner,bank_card,transfer,partner_sync,7
2026-05-18T09:18:40Z,service_bot_25,internal_db.customer_service,fraud_detection_service,phone,query,fraud_detection,7
2026-05-18T10:01:36Z,feature_job_08,internal_db.device_log,feature_platform,device_id,query,feature_engineering,7
2026-05-18T10:39:31Z,export_job_03,internal_db.device_log,third_party_analytics,face_id,export,partner_sync,2
2026-05-18T09:24:09Z,report_job_04,internal_db.health_record,analytics_service,name,query,statistics,12
2026-05-18T10:29:29Z,sync_worker_01,internal_db.marketing_profile,recommendation_service,name,transfer,recommendation,6
2026-05-18T09:48:32Z,sync_worker_19,internal_db.location_trace,recommendation_service,device_id,sync,recommendation,8
2026-05-18T09:49:07Z,service_bot_27,internal_db.location_trace,external_crm,phone,query,customer_service,4
2026-05-18T09:19:22Z,risk_job_23,internal_db.user_profile,data_warehouse,email,sync,business_analysis,12
2026-05-18T09:48:04Z,analyst_02,internal_db.marketing_profile,recommendation_service,name,transfer,recommendation,12
2026-05-18T09:26:08Z,report_job_02,internal_db.user_profile,data_warehouse,email,query,business_analysis,6
2026-05-18T09:10:30Z,sync_worker_28,internal_db.location_trace,recommendation_service,device_id,transfer,recommendation,12
2026-05-18T09:03:51Z,analyst_24,internal_db.customer_service,feature_platform,order_id,sync,feature_engineering,2
2026-05-18T09:56:00Z,sync_worker_28,internal_db.customer_service,fraud_detection_service,phone,transfer,fraud_detection,4
2026-05-18T09:41:53Z,feature_job_10,internal_db.marketing_profile,fraud_detection_service,gender,sync,fraud_detection,2
2026-05-18T10:26:34Z,feature_job_02,internal_db.marketing_profile,feature_platform,name,sync,feature_engineering,9
2026-05-18T09:51:55Z,feature_job_20,internal_db.user_profile,risk_engine,email,transfer,risk_control,6
2026-05-18T09:58:06Z,service_bot_23,internal_db.health_record,external_ad_platform,age,query,business_integration,12
2026-05-18T10:45:49Z,export_job_09,internal_db.health_record,external_partner,credit_score,sync,partner_sync,2
2026-05-18T09:24:23Z,analyst_10,internal_db.user_profile,data_warehouse,email,sync,business_analysis,6
2026-05-18T10:52:28Z,partner_job_01,internal_db.customer_service,risk_engine,order_id,export,risk_control,177
2026-05-18T10:07:26Z,report_job_19,internal_db.user_profile,feature_platform,email,sync,feature_engineering,7
2026-05-18T10:48:51Z,partner_job_07,internal_db.audit_log,fraud_detection_service,device_id,transfer,risk_control,1
2026-05-18T09:09:41Z,risk_job_09,internal_db.health_record,fraud_detection_service,name,transfer,fraud_detection,5
2026-05-18T10:00:33Z,report_job_03,internal_db.location_trace,analytics_service,location,sync,statistics,7
2026-05-18T09:28:14Z,sync_worker_12,internal_db.location_trace,risk_engine,location,query,risk_control,11
2026-05-18T09:29:17Z,analyst_05,internal_db.payment_info,recommendation_service,amount,query,recommendation,7
2026-05-18T09:46:05Z,report_job_15,internal_db.risk_control,feature_platform,device_id,transfer,feature_engineering,6
2026-05-18T10:01:08Z,feature_job_30,internal_db.location_trace,recommendation_service,location,transfer,recommendation,4
2026-05-18T10:32:10Z,report_job_26,internal_db.health_record,analytics_service,name,sync,statistics,6
2026-05-18T09:28:00Z,report_job_20,internal_db.marketing_profile,feature_platform,name,sync,feature_engineering,5
2026-05-18T09:43:10Z,service_bot_04,internal_db.user_profile,external_crm,phone,transfer,customer_service,12
2026-05-18T09:29:59Z,analyst_29,internal_db.payment_info,external_payment_gateway,amount,transfer,business_integration,6
2026-05-18T10:28:33Z,risk_job_24,internal_db.risk_control,feature_platform,device_id,sync,feature_engineering,10
2026-05-18T10:28:47Z,feature_job_28,internal_db.order_info,third_party_analytics,product_id,sync,business_integration,1
2026-05-18T10:33:27Z,sync_worker_12,internal_db.user_profile,data_warehouse,email,transfer,business_analysis,6
2026-05-18T10:19:06Z,feature_job_12,internal_db.marketing_profile,feature_platform,name,transfer,feature_engineering,8
2026-05-18T09:38:09Z,report_job_17,internal_db.risk_control,analytics_service,device_id,query,statistics,7
2026-05-18T09:55:11Z,analyst_06,internal_db.payment_info,analytics_service,order_id,query,statistics,7
2026-05-18T09:44:13Z,feature_job_12,internal_db.location_trace,risk_engine,phone,sync,risk_control,9
2026-05-18T09:49:49Z,sync_worker_25,internal_db.location_trace,recommendation_service,device_id,query,recommendation,11
2026-05-18T09:50:38Z,sync_worker_16,internal_db.risk_control,feature_platform,device_id,transfer,feature_engineering,4
2026-05-18T10:33:20Z,report_job_16,internal_db.marketing_profile,fraud_detection_service,email,sync,fraud_detection,1
2026-05-18T09:33:50Z,feature_job_13,internal_db.customer_service,feature_platform,email,query,feature_engineering,11
2026-05-18T09:36:10Z,sync_worker_20,internal_db.marketing_profile,feature_platform,gender,transfer,feature_engineering,11
2026-05-18T09:15:52Z,service_bot_24,internal_db.payment_info,reporting_service,amount,query,reporting,11
2026-05-18T09:36:45Z,feature_job_23,internal_db.marketing_profile,recommendation_service,gender,transfer,recommendation,5
2026-05-18T10:24:28Z,analyst_27,internal_db.audit_log,recommendation_service,device_id,sync,recommendation,10
2026-05-18T10:23:04Z,risk_job_05,internal_db.location_trace,recommendation_service,device_id,transfer,recommendation,12
2026-05-18T09:40:01Z,feature_job_14,internal_db.location_trace,analytics_service,location,transfer,statistics,11
2026-05-18T10:54:41Z,shadow_worker_11,internal_db.risk_control,unknown_external,device_id,sync,unknown,6
2026-05-18T09:06:18Z,service_bot_07,internal_db.payment_info,external_payment_gateway,amount,sync,business_integration,4
2026-05-18T10:11:45Z,risk_job_29,internal_db.payment_info,analytics_service,order_id,query,statistics,1
2026-05-18T10:08:36Z,feature_job_06,internal_db.risk_control,fraud_detection_service,amount,sync,fraud_detection,5
2026-05-18T09:16:20Z,analyst_16,internal_db.marketing_profile,risk_engine,gender,sync,risk_control,3
2026-05-18T10:06:51Z,analyst_28,internal_db.payment_info,external_payment_gateway,order_id,sync,business_integration,11
2026-05-18T10:06:16Z,risk_job_01,internal_db.marketing_profile,external_ad_platform,age,sync,business_integration,2
2026-05-18T10:51:25Z,partner_job_05,internal_db.audit_log,data_warehouse,device_id,sync,business_analysis,148
2026-05-18T09:24:30Z,service_bot_17,internal_db.marketing_profile,fraud_detection_service,gender,sync,fraud_detection,10
2026-05-18T09:24:37Z,service_bot_06,internal_db.risk_control,external_payment_gateway,amount,transfer,business_integration,10
2026-05-18T09:19:01Z,risk_job_22,internal_db.location_trace,external_crm,phone,transfer,customer_service,3
2026-05-18T10:20:02Z,risk_job_22,internal_db.health_record,fraud_detection_service,name,query,fraud_detection,11
2026-05-18T09:52:58Z,risk_job_21,internal_db.customer_service,feature_platform,order_id,sync,feature_engineering,12
2026-05-18T09:40:36Z,feature_job_24,internal_db.location_trace,external_crm,phone,sync,customer_service,3
2026-05-18T10:10:14Z,service_bot_27,internal_db.payment_info,feature_platform,amount,transfer,feature_engineering,1
2026-05-18T09:07:00Z,risk_job_07,internal_db.customer_service,data_warehouse,email,query,business_analysis,12
2026-05-18T10:45:21Z,unknown_job_01,internal_db.customer_service,third_party_analytics,device_id,export,background_sync,7
2026-05-18T09:33:15Z,service_bot_25,internal_db.device_log,feature_platform,device_id,sync,feature_engineering,5
2026-05-18T09:52:09Z,risk_job_07,internal_db.payment_info,analytics_service,order_id,transfer,statistics,6
2026-05-18T10:42:54Z,bulk_sync_07,internal_db.health_record,feature_platform,name,transfer,feature_engineering,1
2026-05-18T10:10:00Z,analyst_15,internal_db.device_log,risk_engine,location,transfer,risk_control,4
2026-05-18T10:27:09Z,service_bot_27,internal_db.order_info,reporting_service,product_id,query,reporting,3
2026-05-18T10:34:37Z,feature_job_20,internal_db.location_trace,external_crm,phone,transfer,customer_service,10
2026-05-18T09:08:38Z,feature_job_02,internal_db.order_info,external_payment_gateway,order_id,sync,business_integration,10
2026-05-18T09:25:40Z,feature_job_24,internal_db.marketing_profile,external_ad_platform,age,sync,business_integration,5
2026-05-18T09:08:03Z,service_bot_22,internal_db.payment_info,external_payment_gateway,amount,query,business_integration,5
2026-05-18T10:04:10Z,risk_job_27,internal_db.user_profile,risk_engine,email,query,risk_control,7
2026-05-18T10:23:18Z,service_bot_22,internal_db.audit_log,feature_platform,device_id,query,feature_engineering,3
2026-05-18T10:11:52Z,sync_worker_26,internal_db.user_profile,data_warehouse,email,sync,business_analysis,1
2026-05-18T09:50:17Z,risk_job_04,internal_db.marketing_profile,third_party_analytics,gender,query,business_integration,11
2026-05-18T10:20:23Z,analyst_06,internal_db.user_profile,data_warehouse,email,query,business_analysis,7
2026-05-18T10:52:00Z,shadow_worker_06,internal_db.risk_control,external_payment_gateway,amount,export,business_analysis,3
2026-05-18T09:42:49Z,report_job_19,internal_db.location_trace,risk_engine,device_id,transfer,risk_control,10
2026-05-18T09:34:39Z,service_bot_04,internal_db.location_trace,analytics_service,location,transfer,statistics,5
2026-05-18T10:34:02Z,report_job_29,internal_db.marketing_profile,third_party_analytics,gender,query,business_integration,3
2026-05-18T10:06:30Z,risk_job_15,internal_db.location_trace,analytics_service,location,transfer,statistics,9
2026-05-18T09:12:15Z,report_job_22,internal_db.risk_control,analytics_service,amount,query,statistics,9
2026-05-18T09:07:49Z,service_bot_09,internal_db.order_info,external_crm,order_id,transfer,customer_service,2
2026-05-18T09:32:19Z,risk_job_06,internal_db.marketing_profile,feature_platform,gender,sync,feature_engineering,5
2026-05-18T09:26:43Z,service_bot_25,internal_db.risk_control,analytics_service,amount,transfer,statistics,11
2026-05-18T09:19:36Z,report_job_04,internal_db.customer_service,data_warehouse,order_id,query,business_analysis,4
2026-05-18T10:13:23Z,sync_worker_24,internal_db.location_trace,analytics_service,location,transfer,statistics,7
2026-05-18T10:46:03Z,bulk_sync_07,internal_db.audit_log,recommendation_service,device_id,transfer,recommendation,3
2026-05-18T09:25:26Z,feature_job_10,internal_db.customer_service,feature_platform,email,query,feature_engineering,5
2026-05-18T09:09:06Z,service_bot_28,internal_db.customer_service,risk_engine,order_id,transfer,risk_control,3
2026-05-18T09:34:11Z,service_bot_14,internal_db.marketing_profile,fraud_detection_service,name,query,fraud_detection,7
2026-05-18T10:07:47Z,analyst_09,internal_db.health_record,fraud_detection_service,name,query,fraud_detection,8
2026-05-18T10:22:57Z,sync_worker_13,internal_db.location_trace,risk_engine,phone,query,risk_control,2
2026-05-18T09:13:32Z,report_job_08,internal_db.audit_log,recommendation_service,device_id,sync,recommendation,7
2026-05-18T09:40:57Z,sync_worker_25,internal_db.payment_info,analytics_service,amount,sync,statistics,1
2026-05-18T10:24:35Z,service_bot_15,internal_db.user_profile,external_crm,email,transfer,customer_service,1
2026-05-18T09:36:31Z,risk_job_03,internal_db.customer_service,fraud_detection_service,order_id,query,fraud_detection,11
2026-05-18T09:40:29Z,risk_job_08,internal_db.location_trace,analytics_service,location,query,statistics,11
2026-05-18T09:31:02Z,feature_job_18,internal_db.audit_log,feature_platform,device_id,query,feature_engineering,6
2026-05-18T10:01:15Z,risk_job_02,internal_db.health_record,risk_engine,name,transfer,risk_control,11
2026-05-18T09:55:04Z,analyst_22,internal_db.marketing_profile,risk_engine,gender,query,risk_control,9
2026-05-18T10:25:59Z,report_job_29,internal_db.marketing_profile,recommendation_service,email,query,recommendation,5
2026-05-18T10:31:00Z,sync_worker_11,internal_db.location_trace,recommendation_service,device_id,sync,recommendation,5
2026-05-18T09:39:12Z,sync_worker_16,internal_db.order_info,external_payment_gateway,order_id,sync,business_integration,10
2026-05-18T09:57:17Z,feature_job_14,internal_db.risk_control,analytics_service,amount,sync,statistics,9
2026-05-18T09:20:18Z,analyst_03,internal_db.location_trace,data_warehouse,location,transfer,business_analysis,11
2026-05-18T09:08:59Z,risk_job_25,internal_db.order_info,external_crm,order_id,query,customer_service,7
2026-05-18T10:44:11Z,unknown_job_09,internal_db.marketing_profile,unknown_external,email,transfer,unknown,8
2026-05-18T09:16:41Z,sync_worker_14,internal_db.order_info,reporting_service,address,sync,reporting,9
2026-05-18T09:33:08Z,feature_job_02,internal_db.health_record,analytics_service,name,transfer,statistics,4
2026-05-18T10:40:20Z,bulk_sync_07,internal_db.audit_log,external_payment_gateway,device_id,export,unauthorized_export,4
2026-05-18T09:52:02Z,sync_worker_18,internal_db.device_log,data_warehouse,device_id,query,business_analysis,8
2026-05-18T09:15:17Z,sync_worker_25,internal_db.health_record,feature_platform,name,sync,feature_engineering,11
2026-05-18T10:15:15Z,risk_job_23,internal_db.customer_service,data_warehouse,order_id,sync,business_analysis,12
2026-05-18T09:03:37Z,feature_job_11,internal_db.marketing_profile,external_ad_platform,age,sync,business_integration,1
2026-05-18T10:37:11Z,service_bot_20,internal_db.risk_control,risk_engine,device_id,sync,risk_control,6
2026-05-18T10:52:42Z,partner_job_03,internal_db.payment_info,third_party_analytics,device_id,transfer,background_sync,4
2026-05-18T09:14:00Z,sync_worker_14,internal_db.user_profile,feature_platform,email,transfer,feature_engineering,8
2026-05-18T10:49:40Z,partner_job_09,internal_db.marketing_profile,external_partner,bank_card,export,partner_sync,7
2026-05-18T09:37:20Z,analyst_17,internal_db.order_info,risk_engine,order_id,query,risk_control,12
2026-05-18T09:21:07Z,risk_job_09,internal_db.risk_control,analytics_service,amount,sync,statistics,2
2026-05-18T09:21:00Z,sync_worker_13,internal_db.risk_control,fraud_detection_service,amount,query,fraud_detection,1
2026-05-18T10:49:12Z,partner_job_09,internal_db.health_record,fraud_detection_service,name,transfer,fraud_detection,1
2026-05-18T10:09:18Z,service_bot_18,internal_db.user_profile,data_warehouse,email,sync,business_analysis,3
2026-05-18T09:51:06Z,sync_worker_16,internal_db.marketing_profile,feature_platform,gender,transfer,feature_engineering,11
2026-05-18T10:08:29Z,feature_job_13,internal_db.marketing_profile,feature_platform,name,sync,feature_engineering,3
2026-05-18T09:44:27Z,feature_job_14,internal_db.marketing_profile,third_party_analytics,gender,sync,business_integration,10
2026-05-18T09:23:27Z,analyst_17,internal_db.order_info,fraud_detection_service,address,sync,fraud_detection,1
2026-05-18T09:29:10Z,service_bot_19,internal_db.user_profile,risk_engine,email,sync,risk_control,1
2026-05-18T10:17:49Z,risk_job_01,internal_db.location_trace,analytics_service,location,query,statistics,7
2026-05-18T09:57:03Z,service_bot_25,internal_db.device_log,feature_platform,location,query,feature_engineering,8
2026-05-18T10:11:03Z,report_job_03,internal_db.marketing_profile,feature_platform,gender,query,feature_engineering,2
2026-05-18T09:14:42Z,service_bot_05,internal_db.customer_service,risk_engine,order_id,sync,risk_control,11
2026-05-18T09:02:20Z,service_bot_09,internal_db.user_profile,external_crm,phone,transfer,customer_service,4
2026-05-18T10:38:35Z,analyst_16,internal_db.risk_control,feature_platform,device_id,query,feature_engineering,11
2026-05-18T10:11:24Z,sync_worker_22,internal_db.marketing_profile,third_party_analytics,gender,query,business_integration,6
2026-05-18T09:33:29Z,report_job_18,internal_db.payment_info,recommendation_service,amount,query,recommendation,4
2026-05-18T09:27:18Z,feature_job_08,internal_db.audit_log,feature_platform,device_id,query,feature_engineering,2
2026-05-18T10:38:49Z,analyst_26,internal_db.audit_log,feature_platform,device_id,query,feature_engineering,10
2026-05-18T10:25:03Z,report_job_21,internal_db.payment_info,external_payment_gateway,order_id,transfer,business_integration,10
2026-05-18T09:11:05Z,report_job_26,internal_db.device_log,data_warehouse,device_id,query,business_analysis,10
2026-05-18T10:00:05Z,analyst_17,internal_db.marketing_profile,feature_platform,name,query,feature_engineering,5
2026-05-18T10:02:18Z,report_job_06,internal_db.audit_log,feature_platform,device_id,query,feature_engineering,10
2026-05-18T10:41:37Z,bulk_sync_04,internal_db.location_trace,external_partner,face_id,sync,partner_sync,1
2026-05-18T10:19:41Z,analyst_13,internal_db.device_log,risk_engine,device_id,sync,risk_control,9
2026-05-18T10:56:33Z,partner_job_06,internal_db.customer_service,fraud_detection_service,order_id,transfer,fraud_detection,1
2026-05-18T10:32:59Z,analyst_15,internal_db.location_trace,data_warehouse,location,sync,business_analysis,4
2026-05-18T09:42:21Z,sync_worker_26,internal_db.marketing_profile,fraud_detection_service,phone,transfer,fraud_detection,2
2026-05-18T10:14:47Z,feature_job_10,internal_db.user_profile,analytics_service,age,query,statistics,12
2026-05-18T10:19:55Z,analyst_27,internal_db.order_info,recommendation_service,order_id,transfer,recommendation,3
2026-05-18T09:13:46Z,report_job_30,internal_db.marketing_profile,recommendation_service,gender,transfer,recommendation,10
2026-05-18T10:19:48Z,analyst_15,internal_db.order_info,third_party_analytics,product_id,transfer,business_integration,3
2026-05-18T10:10:49Z,service_bot_25,internal_db.payment_info,reporting_service,amount,query,reporting,7
2026-05-18T10:00:19Z,analyst_30,internal_db.marketing_profile,fraud_detection_service,gender,transfer,fraud_detection,9
2026-05-18T09:54:29Z,sync_worker_01,internal_db.risk_control,external_payment_gateway,amount,sync,business_integration,5
2026-05-18T10:07:19Z,sync_worker_22,internal_db.payment_info,recommendation_service,amount,sync,recommendation,7
2026-05-18T10:17:42Z,report_job_01,internal_db.payment_info,reporting_service,amount,transfer,reporting,9
2026-05-18T09:39:19Z,analyst_09,internal_db.user_profile,risk_engine,email,transfer,risk_control,3
2026-05-18T09:59:16Z,report_job_06,internal_db.user_profile,external_crm,phone,query,customer_service,6
2026-05-18T10:30:04Z,sync_worker_14,internal_db.health_record,risk_engine,name,query,risk_control,1
2026-05-18T10:29:43Z,risk_job_06,internal_db.audit_log,feature_platform,device_id,sync,feature_engineering,12
2026-05-18T10:47:55Z,export_job_03,internal_db.payment_info,external_partner,salary,export,partner_sync,3
2026-05-18T09:23:06Z,report_job_02,internal_db.marketing_profile,risk_engine,name,sync,risk_control,12
2026-05-18T10:44:32Z,bulk_sync_04,internal_db.customer_service,third_party_analytics,device_id,sync,unauthorized_export,2
2026-05-18T09:00:28Z,sync_worker_21,internal_db.audit_log,feature_platform,device_id,query,feature_engineering,9
2026-05-18T09:39:05Z,service_bot_02,internal_db.location_trace,recommendation_service,location,sync,recommendation,8
2026-05-18T10:10:35Z,service_bot_25,internal_db.device_log,recommendation_service,device_id,sync,recommendation,1
2026-05-18T09:58:48Z,analyst_09,internal_db.order_info,third_party_analytics,product_id,query,business_integration,10
2026-05-18T10:20:09Z,analyst_01,internal_db.order_info,reporting_service,amount,transfer,reporting,4
2026-05-18T09:36:52Z,sync_worker_26,internal_db.audit_log,feature_platform,device_id,sync,feature_engineering,3
2026-05-18T10:01:22Z,service_bot_30,internal_db.device_log,recommendation_service,device_id,sync,recommendation,1
2026-05-18T10:03:00Z,feature_job_18,internal_db.marketing_profile,fraud_detection_service,email,query,fraud_detection,7
2026-05-18T09:11:54Z,service_bot_21,internal_db.marketing_profile,recommendation_service,gender,query,recommendation,1
2026-05-18T09:16:55Z,analyst_03,internal_db.risk_control,fraud_detection_service,amount,sync,fraud_detection,4
2026-05-18T09:03:30Z,service_bot_12,internal_db.device_log,feature_platform,device_id,transfer,feature_engineering,9
2026-05-18T10:36:01Z,analyst_25,internal_db.risk_control,fraud_detection_service,amount,query,fraud_detection,2
2026-05-18T09:15:10Z,analyst_19,internal_db.payment_info,external_payment_gateway,order_id,query,business_integration,11
2026-05-18T10:15:57Z,sync_worker_29,internal_db.marketing_profile,external_ad_platform,gender,transfer,business_integration,1
2026-05-18T10:30:25Z,report_job_29,internal_db.payment_info,external_payment_gateway,amount,sync,business_integration,6
2026-05-18T09:39:33Z,analyst_08,internal_db.device_log,feature_platform,device_id,sync,feature_engineering,11
2026-05-18T10:14:33Z,sync_worker_06,internal_db.location_trace,risk_engine,phone,sync,risk_control,2
2026-05-18T09:34:46Z,feature_job_05,internal_db.health_record,fraud_detection_service,name,query,fraud_detection,2
2026-05-18T10:51:46Z,shadow_worker_06,internal_db.health_record,external_partner,bank_card,sync,partner_sync,6
2026-05-18T10:39:17Z,bulk_sync_12,internal_db.risk_control,third_party_analytics,address,export,unauthorized_export,8
2026-05-18T10:11:59Z,report_job_15,internal_db.order_info,recommendation_service,order_id,transfer,recommendation,7
2026-05-18T09:41:39Z,report_job_23,internal_db.location_trace,recommendation_service,location,sync,recommendation,6
2026-05-18T10:30:53Z,sync_worker_04,internal_db.device_log,data_warehouse,device_id,sync,business_analysis,2
2026-05-18T10:21:05Z,service_bot_21,internal_db.payment_info,analytics_service,order_id,query,statistics,4
2026-05-18T09:43:31Z,service_bot_04,internal_db.device_log,data_warehouse,device_id,transfer,business_analysis,2
2026-05-18T09:37:06Z,risk_job_10,internal_db.location_trace,risk_engine,location,transfer,risk_control,4
2026-05-18T09:28:49Z,service_bot_11,internal_db.customer_service,data_warehouse,order_id,transfer,business_analysis,10
2026-05-18T09:32:40Z,sync_worker_14,internal_db.device_log,recommendation_service,device_id,sync,recommendation,10
2026-05-18T10:25:52Z,analyst_16,internal_db.payment_info,feature_platform,amount,transfer,feature_engineering,5
2026-05-18T10:15:01Z,risk_job_03,internal_db.location_trace,external_crm,phone,sync,customer_service,2
2026-05-18T09:31:09Z,report_job_12,internal_db.order_info,external_crm,order_id,query,customer_service,7
2026-05-18T09:32:33Z,feature_job_02,internal_db.payment_info,reporting_service,amount,query,reporting,2
2026-05-18T10:50:50Z,shadow_worker_06,internal_db.user_profile,external_crm,phone,sync,unauthorized_export,5
2026-05-18T10:26:13Z,analyst_09,internal_db.payment_info,recommendation_service,amount,sync,recommendation,8
2026-05-18T10:50:36Z,partner_job_09,internal_db.health_record,external_partner,device_id,sync,background_sync,1
2026-05-18T10:49:26Z,shadow_worker_11,internal_db.marketing_profile,unknown_external,gender,sync,unknown,3
2026-05-18T09:12:29Z,service_bot_24,internal_db.marketing_profile,fraud_detection_service,email,sync,fraud_detection,8
2026-05-18T09:19:43Z,risk_job_27,internal_db.user_profile,external_crm,email,transfer,customer_service,2
2026-05-18T10:07:33Z,service_bot_09,internal_db.user_profile,risk_engine,email,query,risk_control,2
2026-05-18T10:47:41Z,partner_job_03,internal_db.risk_control,external_payment_gateway,device_id,sync,unauthorized_export,4
2026-05-18T09:26:50Z,feature_job_12,internal_db.marketing_profile,third_party_analytics,gender,transfer,business_integration,7
2026-05-18T10:55:16Z,unknown_job_07,internal_db.device_log,external_partner,salary,transfer,partner_sync,4
2026-05-18T09:06:32Z,feature_job_30,internal_db.customer_service,data_warehouse,email,query,business_analysis,3
2026-05-18T10:54:13Z,bulk_sync_06,internal_db.order_info,third_party_analytics,medical_record,sync,partner_sync,5
2026-05-18T10:34:44Z,sync_worker_27,internal_db.user_profile,analytics_service,email,transfer,statistics,1
2026-05-18T09:20:25Z,sync_worker_27,internal_db.customer_service,feature_platform,order_id,sync,feature_engineering,10
2026-05-18T09:00:49Z,risk_job_04,internal_db.payment_info,reporting_service,amount,transfer,reporting,7
2026-05-18T09:17:09Z,report_job_24,internal_db.risk_control,risk_engine,device_id,query,risk_control,6
2026-05-18T10:42:40Z,bulk_sync_05,internal_db.health_record,third_party_analytics,salary,transfer,partner_sync,6
2026-05-18T10:09:53Z,risk_job_28,internal_db.health_record,external_ad_platform,age,transfer,business_integration,8
2026-05-18T10:34:58Z,report_job_23,internal_db.audit_log,feature_platform,device_id,transfer,feature_engineering,4
2026-05-18T09:08:45Z,report_job_05,internal_db.audit_log,feature_platform,device_id,transfer,feature_engineering,5
2026-05-18T10:48:23Z,shadow_worker_07,internal_db.location_trace,unknown_external,location,transfer,unknown,4
2026-05-18T09:36:59Z,sync_worker_22,internal_db.order_info,external_crm,order_id,sync,customer_service,9
2026-05-18T09:56:35Z,risk_job_02,internal_db.marketing_profile,feature_platform,gender,query,feature_engineering,10
2026-05-18T10:45:35Z,bulk_sync_05,internal_db.location_trace,external_payment_gateway,device_id,export,unauthorized_export,8
2026-05-18T09:03:09Z,analyst_10,internal_db.marketing_profile,external_ad_platform,gender,sync,business_integration,3
2026-05-18T09:44:06Z,service_bot_26,internal_db.health_record,fraud_detection_service,name,sync,fraud_detection,1
2026-05-18T10:08:22Z,sync_worker_05,internal_db.payment_info,recommendation_service,amount,query,recommendation,7
2026-05-18T10:39:03Z,risk_job_12,internal_db.order_info,external_crm,order_id,transfer,customer_service,4
2026-05-18T09:50:52Z,sync_worker_19,internal_db.order_info,fraud_detection_service,amount,transfer,fraud_detection,4
2026-05-18T10:29:01Z,feature_job_29,internal_db.marketing_profile,recommendation_service,gender,query,recommendation,1
2026-05-18T10:56:12Z,unknown_job_05,internal_db.device_log,feature_platform,location,transfer,recommendation,5
2026-05-18T10:11:17Z,feature_job_01,internal_db.risk_control,fraud_detection_service,amount,query,fraud_detection,2
2026-05-18T09:44:34Z,risk_job_21,internal_db.order_info,risk_engine,order_id,transfer,risk_control,8
2026-05-18T09:23:48Z,risk_job_28,internal_db.marketing_profile,recommendation_service,name,query,recommendation,9
2026-05-18T09:27:53Z,feature_job_24,internal_db.audit_log,recommendation_service,device_id,query,recommendation,3
2026-05-18T09:05:15Z,sync_worker_02,internal_db.marketing_profile,feature_platform,gender,query,feature_engineering,11
2026-05-18T09:52:37Z,service_bot_05,internal_db.marketing_profile,recommendation_service,name,sync,recommendation,6
2026-05-18T10:47:27Z,bulk_sync_10,internal_db.health_record,external_partner,phone,sync,background_sync,3
2026-05-18T09:52:44Z,risk_job_13,internal_db.health_record,feature_platform,name,transfer,feature_engineering,8
2026-05-18T09:41:46Z,analyst_24,internal_db.audit_log,fraud_detection_service,device_id,sync,fraud_detection,2
2026-05-18T09:20:11Z,feature_job_02,internal_db.risk_control,feature_platform,amount,sync,feature_engineering,12
2026-05-18T10:15:22Z,service_bot_03,internal_db.health_record,feature_platform,name,sync,feature_engineering,2
2026-05-18T09:02:48Z,feature_job_03,internal_db.risk_control,external_payment_gateway,amount,sync,business_integration,7
2026-05-18T09:41:04Z,analyst_26,internal_db.device_log,data_warehouse,device_id,transfer,business_analysis,1
2026-05-18T10:54:06Z,unknown_job_05,internal_db.order_info,fraud_detection_service,amount,export,business_analysis,1
2026-05-18T09:22:45Z,service_bot_15,internal_db.order_info,external_crm,order_id,query,customer_service,8
2026-05-18T10:10:07Z,sync_worker_20,internal_db.health_record,risk_engine,name,query,risk_control,7
2026-05-18T09:43:38Z,sync_worker_15,internal_db.risk_control,feature_platform,amount,transfer,feature_engineering,11
2026-05-18T09:50:31Z,risk_job_23,internal_db.device_log,data_warehouse,device_id,transfer,business_analysis,6
2026-05-18T09:49:21Z,report_job_23,internal_db.marketing_profile,feature_platform,name,transfer,feature_engineering,7
2026-05-18T10:40:55Z,partner_job_05,internal_db.order_info,external_crm,order_id,export,customer_service,166
2026-05-18T10:37:53Z,sync_worker_22,internal_db.risk_control,risk_engine,device_id,query,risk_control,7
2026-05-18T10:15:43Z,service_bot_16,internal_db.order_info,external_payment_gateway,order_id,sync,business_integration,9
2026-05-18T10:15:50Z,service_bot_12,internal_db.audit_log,fraud_detection_service,device_id,transfer,fraud_detection,12
2026-05-18T10:21:26Z,risk_job_06,internal_db.location_trace,data_warehouse,location,transfer,business_analysis,6
2026-05-18T10:46:52Z,partner_job_09,internal_db.location_trace,third_party_analytics,id_card,sync,partner_sync,5
2026-05-18T10:39:24Z,bulk_sync_06,internal_db.order_info,fraud_detection_service,amount,sync,business_analysis,1
2026-05-18T09:29:24Z,sync_worker_03,internal_db.audit_log,fraud_detection_service,device_id,sync,fraud_detection,8
2026-05-18T10:07:05Z,feature_job_06,internal_db.audit_log,fraud_detection_service,device_id,sync,fraud_detection,9
2026-05-18T09:23:20Z,service_bot_17,internal_db.risk_control,fraud_detection_service,amount,query,fraud_detection,6
2026-05-18T09:47:08Z,analyst_02,internal_db.health_record,risk_engine,name,sync,risk_control,8
2026-05-18T10:09:11Z,feature_job_01,internal_db.payment_info,feature_platform,amount,transfer,feature_engineering,5
2026-05-18T09:23:34Z,report_job_28,internal_db.marketing_profile,third_party_analytics,age,query,business_integration,3
2026-05-18T10:41:51Z,unknown_job_12,internal_db.risk_control,external_payment_gateway,amount,sync,business_integration,3
2026-05-18T10:13:30Z,service_bot_03,internal_db.customer_service,risk_engine,order_id,transfer,risk_control,3
2026-05-18T09:15:31Z,sync_worker_12,internal_db.audit_log,recommendation_service,device_id,transfer,recommendation,9
2026-05-18T10:19:20Z,sync_worker_23,internal_db.payment_info,feature_platform,amount,query,feature_engineering,1
2026-05-18T09:59:51Z,feature_job_21,internal_db.location_trace,risk_engine,location,query,risk_control,10
2026-05-18T10:28:12Z,sync_worker_16,internal_db.health_record,feature_platform,name,sync,feature_engineering,6
2026-05-18T09:10:09Z,feature_job_17,internal_db.location_trace,data_warehouse,location,transfer,business_analysis,7
2026-05-18T09:31:16Z,risk_job_20,internal_db.marketing_profile,third_party_analytics,age,sync,business_integration,6
2026-05-18T09:47:36Z,risk_job_18,internal_db.customer_service,feature_platform,order_id,sync,feature_engineering,2
2026-05-18T10:52:07Z,unknown_job_08,internal_db.health_record,third_party_analytics,face_id,sync,partner_sync,3
2026-05-18T09:56:49Z,risk_job_21,internal_db.risk_control,fraud_detection_service,amount,query,fraud_detection,7
2026-05-18T09:09:48Z,sync_worker_27,internal_db.location_trace,analytics_service,location,query,statistics,6
2026-05-18T09:40:08Z,feature_job_12,internal_db.order_info,external_crm,order_id,transfer,customer_service,9
2026-05-18T09:15:45Z,risk_job_21,internal_db.order_info,fraud_detection_service,address,sync,fraud_detection,12
2026-05-18T09:17:37Z,analyst_27,internal_db.device_log,recommendation_service,device_id,transfer,recommendation,5
2026-05-18T09:47:01Z,report_job_17,internal_db.user_profile,feature_platform,email,sync,feature_engineering,4
2026-05-18T10:52:56Z,shadow_worker_02,internal_db.location_trace,shadow_api,device_id,sync,unauthorized_export,3
2026-05-18T09:51:34Z,feature_job_24,internal_db.customer_service,feature_platform,order_id,query,feature_engineering,1
2026-05-18T10:13:02Z,analyst_11,internal_db.marketing_profile,third_party_analytics,age,sync,business_integration,5
2026-05-18T10:49:47Z,bulk_sync_05,internal_db.payment_info,third_party_analytics,address,sync,unauthorized_export,8
2026-05-18T10:17:21Z,service_bot_10,internal_db.user_profile,risk_engine,email,query,risk_control,5
2026-05-18T09:53:12Z,sync_worker_17,internal_db.payment_info,feature_platform,amount,query,feature_engineering,5
2026-05-18T09:46:54Z,report_job_29,internal_db.audit_log,data_warehouse,device_id,sync,business_analysis,8
2026-05-18T09:05:57Z,report_job_07,internal_db.marketing_profile,feature_platform,gender,sync,feature_engineering,1
2026-05-18T09:18:12Z,risk_job_28,internal_db.payment_info,recommendation_service,amount,sync,recommendation,2
2026-05-18T10:23:25Z,sync_worker_23,internal_db.marketing_profile,risk_engine,gender,sync,risk_control,3
2026-05-18T09:59:58Z,analyst_01,internal_db.risk_control,risk_engine,device_id,query,risk_control,9
2026-05-18T09:38:58Z,analyst_27,internal_db.user_profile,feature_platform,email,query,feature_engineering,11
2026-05-18T09:17:51Z,risk_job_02,internal_db.audit_log,recommendation_service,device_id,transfer,recommendation,9
2026-05-18T10:04:24Z,risk_job_20,internal_db.payment_info,analytics_service,order_id,query,statistics,4
2026-05-18T09:38:02Z,risk_job_22,internal_db.risk_control,risk_engine,amount,query,risk_control,8
2026-05-18T09:04:54Z,sync_worker_30,internal_db.audit_log,recommendation_service,device_id,query,recommendation,10
2026-05-18T10:27:51Z,report_job_09,internal_db.audit_log,recommendation_service,device_id,sync,recommendation,11
2026-05-18T09:36:24Z,risk_job_09,internal_db.risk_control,external_payment_gateway,amount,query,business_integration,11
2026-05-18T09:06:25Z,sync_worker_11,internal_db.user_profile,analytics_service,email,transfer,statistics,1
2026-05-18T09:45:37Z,sync_worker_07,internal_db.user_profile,data_warehouse,email,query,business_analysis,7
2026-05-18T09:01:17Z,analyst_22,internal_db.health_record,fraud_detection_service,name,transfer,fraud_detection,5
2026-05-18T09:27:04Z,feature_job_13,internal_db.risk_control,external_payment_gateway,amount,query,business_integration,6
2026-05-18T09:14:21Z,risk_job_27,internal_db.health_record,external_ad_platform,age,transfer,business_integration,8
2026-05-18T09:49:42Z,risk_job_06,internal_db.audit_log,fraud_detection_service,device_id,sync,fraud_detection,9
2026-05-18T10:46:17Z,unknown_job_10,internal_db.order_info,shadow_api,address,sync,unknown,1
2026-05-18T10:31:56Z,sync_worker_26,internal_db.order_info,third_party_analytics,product_id,query,business_integration,3
2026-05-18T09:39:54Z,risk_job_14,internal_db.payment_info,external_payment_gateway,order_id,transfer,business_integration,10
2026-05-18T10:47:20Z,partner_job_11,internal_db.risk_control,unknown_external,device_id,export,unknown,2
2026-05-18T09:09:20Z,risk_job_06,internal_db.order_info,external_crm,order_id,query,customer_service,2
2026-05-18T10:45:56Z,export_job_09,internal_db.user_profile,shadow_api,auth_token,export,unknown,4
2026-05-18T10:16:53Z,risk_job_27,internal_db.marketing_profile,third_party_analytics,gender,transfer,business_integration,10
2026-05-18T10:10:21Z,feature_job_09,internal_db.customer_service,feature_platform,email,query,feature_engineering,9
2026-05-18T09:11:19Z,sync_worker_06,internal_db.health_record,risk_engine,name,query,risk_control,2
2026-05-18T10:41:09Z,bulk_sync_11,internal_db.user_profile,third_party_analytics,phone,export,background_sync,3
2026-05-18T10:55:09Z,unknown_job_12,internal_db.payment_info,feature_platform,amount,transfer,customer_service,1
2026-05-18T09:20:39Z,feature_job_14,internal_db.device_log,recommendation_service,device_id,query,recommendation,8
2026-05-18T09:57:38Z,analyst_09,internal_db.audit_log,recommendation_service,device_id,sync,recommendation,11
2026-05-18T10:22:22Z,report_job_02,internal_db.device_log,feature_platform,device_id,transfer,feature_engineering,1
2026-05-18T10:20:51Z,sync_worker_10,internal_db.customer_service,risk_engine,order_id,sync,risk_control,7
2026-05-18T10:49:19Z,unknown_job_12,internal_db.user_profile,risk_engine,email,export,risk_control,163
2026-05-18T10:07:54Z,feature_job_13,internal_db.audit_log,fraud_detection_service,device_id,query,fraud_detection,7
2026-05-18T09:47:43Z,report_job_25,internal_db.marketing_profile,risk_engine,phone,query,risk_control,5
2026-05-18T10:12:06Z,sync_worker_10,internal_db.health_record,fraud_detection_service,name,transfer,fraud_detection,5
2026-05-18T09:10:58Z,report_job_18,internal_db.customer_service,feature_platform,email,transfer,feature_engineering,5
2026-05-18T10:27:16Z,risk_job_30,internal_db.customer_service,fraud_detection_service,email,query,fraud_detection,2
2026-05-18T10:24:00Z,report_job_01,internal_db.order_info,reporting_service,amount,sync,reporting,4
2026-05-18T10:55:02Z,partner_job_09,internal_db.marketing_profile,external_payment_gateway,address,export,unauthorized_export,6
2026-05-18T09:29:45Z,report_job_21,internal_db.audit_log,fraud_detection_service,device_id,transfer,fraud_detection,1
2026-05-18T10:09:32Z,feature_job_04,internal_db.audit_log,data_warehouse,device_id,sync,business_analysis,9
2026-05-18T10:23:32Z,sync_worker_19,internal_db.payment_info,recommendation_service,amount,sync,recommendation,10
2026-05-18T09:31:37Z,feature_job_08,internal_db.order_info,recommendation_service,address,sync,recommendation,9
2026-05-18T09:16:27Z,risk_job_26,internal_db.risk_control,fraud_detection_service,amount,sync,fraud_detection,6
2026-05-18T09:18:33Z,analyst_18,internal_db.order_info,reporting_service,address,sync,reporting,10
2026-05-18T10:36:29Z,analyst_28,internal_db.marketing_profile,fraud_detection_service,name,transfer,fraud_detection,1
2026-05-18T10:44:18Z,bulk_sync_11,internal_db.payment_info,third_party_analytics,location,sync,background_sync,3
2026-05-18T09:04:26Z,service_bot_03,internal_db.order_info,recommendation_service,order_id,sync,recommendation,1
2026-05-18T10:43:57Z,export_job_06,internal_db.user_profile,risk_engine,email,sync,risk_control,1
2026-05-18T10:30:46Z,feature_job_21,internal_db.order_info,external_crm,order_id,query,customer_service,10
2026-05-18T10:08:15Z,analyst_08,internal_db.payment_info,analytics_service,order_id,sync,statistics,2
2026-05-18T10:24:49Z,report_job_06,internal_db.location_trace,recommendation_service,location,query,recommendation,2
2026-05-18T10:06:23Z,analyst_04,internal_db.device_log,data_warehouse,device_id,query,business_analysis,3
2026-05-18T10:01:01Z,report_job_28,internal_db.payment_info,feature_platform,amount,sync,feature_engineering,11
2026-05-18T10:06:02Z,risk_job_08,internal_db.user_profile,risk_engine,email,query,risk_control,12
2026-05-18T10:39:59Z,partner_job_12,internal_db.risk_control,shadow_api,device_id,transfer,unknown,1
2026-05-18T10:51:04Z,bulk_sync_04,internal_db.device_log,third_party_analytics,salary,sync,partner_sync,6
2026-05-18T10:50:08Z,export_job_03,internal_db.user_profile,shadow_api,password,export,unknown,1
2026-05-18T10:42:47Z,export_job_11,internal_db.customer_service,shadow_api,auth_token,export,unknown,1
2026-05-18T09:26:29Z,feature_job_30,internal_db.location_trace,risk_engine,phone,sync,risk_control,3
2026-05-18T09:35:49Z,analyst_26,internal_db.user_profile,analytics_service,age,sync,statistics,12
2026-05-18T09:00:42Z,sync_worker_14,internal_db.health_record,external_ad_platform,age,sync,business_integration,5
2026-05-18T09:36:03Z,risk_job_12,internal_db.risk_control,feature_platform,amount,sync,feature_engineering,7
2026-05-18T09:16:06Z,service_bot_27,internal_db.device_log,recommendation_service,device_id,transfer,recommendation,5
2026-05-18T10:01:50Z,feature_job_24,internal_db.order_info,external_payment_gateway,order_id,sync,business_integration,1
2026-05-18T09:01:52Z,risk_job_30,internal_db.risk_control,analytics_service,device_id,query,statistics,12
2026-05-18T10:38:21Z,report_job_27,internal_db.audit_log,feature_platform,device_id,transfer,feature_engineering,2
2026-05-18T10:54:20Z,shadow_worker_02,internal_db.audit_log,shadow_api,private_key,export,unknown,1
2026-05-18T09:04:05Z,feature_job_28,internal_db.payment_info,feature_platform,amount,query,feature_engineering,7
2026-05-18T10:29:57Z,service_bot_21,internal_db.payment_info,feature_platform,amount,transfer,feature_engineering,11
2026-05-18T09:47:22Z,report_job_05,internal_db.user_profile,risk_engine,email,sync,risk_control,12
2026-05-18T09:53:26Z,service_bot_05,internal_db.customer_service,risk_engine,order_id,sync,risk_control,3
2026-05-18T10:52:21Z,export_job_02,internal_db.customer_service,risk_engine,order_id,transfer,risk_control,3
2026-05-18T09:42:56Z,risk_job_12,internal_db.payment_info,reporting_service,amount,sync,reporting,2
2026-05-18T09:30:20Z,analyst_26,internal_db.risk_control,analytics_service,device_id,query,statistics,2
2026-05-18T10:16:25Z,feature_job_22,internal_db.device_log,risk_engine,device_id,query,risk_control,2
2026-05-18T09:44:48Z,service_bot_14,internal_db.customer_service,data_warehouse,order_id,query,business_analysis,1
2026-05-18T09:25:33Z,risk_job_01,internal_db.user_profile,feature_platform,email,query,feature_engineering,11
2026-05-18T10:05:06Z,report_job_22,internal_db.order_info,external_payment_gateway,order_id,sync,business_integration,3
2026-05-18T10:07:12Z,service_bot_26,internal_db.marketing_profile,fraud_detection_service,email,sync,fraud_detection,11
2026-05-18T09:28:42Z,analyst_27,internal_db.payment_info,analytics_service,amount,query,statistics,4
2026-05-18T10:12:41Z,feature_job_22,internal_db.customer_service,data_warehouse,order_id,sync,business_analysis,1
2026-05-18T10:31:49Z,risk_job_04,internal_db.payment_info,feature_platform,amount,sync,feature_engineering,3
2026-05-18T09:51:20Z,report_job_21,internal_db.user_profile,external_crm,phone,transfer,customer_service,5
2026-05-18T10:40:41Z,unknown_job_09,internal_db.device_log,shadow_api,auth_token,sync,unknown,3
2026-05-18T10:53:38Z,unknown_job_09,internal_db.payment_info,unknown_external,amount,export,unknown,5
2026-05-18T10:38:07Z,service_bot_03,internal_db.risk_control,risk_engine,device_id,sync,risk_control,6
2026-05-18T10:40:27Z,partner_job_12,internal_db.risk_control,feature_platform,amount,sync,business_analysis,7
2026-05-18T10:17:35Z,sync_worker_29,internal_db.marketing_profile,external_ad_platform,age,query,business_integration,4
2026-05-18T09:37:34Z,service_bot_06,internal_db.customer_service,fraud_detection_service,email,transfer,fraud_detection,12
2026-05-18T09:42:00Z,sync_worker_10,internal_db.order_info,reporting_service,amount,sync,reporting,8
2026-05-18T10:44:53Z,bulk_sync_11,internal_db.user_profile,shadow_api,auth_token,transfer,unknown,2
2026-05-18T10:11:38Z,risk_job_11,internal_db.device_log,recommendation_service,device_id,query,recommendation,10
2026-05-18T10:03:42Z,analyst_06,internal_db.risk_control,fraud_detection_service,amount,sync,fraud_detection,5
2026-05-18T10:37:39Z,sync_worker_28,internal_db.payment_info,external_payment_gateway,order_id,sync,business_integration,9
2026-05-18T09:40:15Z,report_job_28,internal_db.audit_log,recommendation_service,device_id,sync,recommendation,1
2026-05-18T10:00:12Z,analyst_17,internal_db.audit_log,recommendation_service,device_id,query,recommendation,11
2026-05-18T09:47:57Z,service_bot_07,internal_db.location_trace,recommendation_service,device_id,query,recommendation,9
2026-05-18T10:05:41Z,analyst_25,internal_db.location_trace,external_crm,phone,transfer,customer_service,11
2026-05-18T09:21:28Z,report_job_21,internal_db.location_trace,risk_engine,phone,sync,risk_control,1
2026-05-18T09:19:50Z,risk_job_20,internal_db.user_profile,analytics_service,email,query,statistics,10
2026-05-18T09:12:22Z,report_job_20,internal_db.customer_service,fraud_detection_service,email,query,fraud_detection,9
2026-05-18T09:50:59Z,sync_worker_08,internal_db.user_profile,analytics_service,email,transfer,statistics,2
2026-05-18T09:54:43Z,feature_job_02,internal_db.location_trace,analytics_service,location,transfer,statistics,8
2026-05-18T10:33:55Z,analyst_10,internal_db.payment_info,feature_platform,amount,sync,feature_engineering,8
2026-05-18T10:08:50Z,analyst_16,internal_db.user_profile,analytics_service,age,transfer,statistics,4
2026-05-18T10:29:50Z,risk_job_01,internal_db.order_info,external_payment_gateway,order_id,sync,business_integration,1
2026-05-18T09:12:36Z,sync_worker_09,internal_db.device_log,risk_engine,device_id,query,risk_control,8
2026-05-18T10:37:18Z,sync_worker_29,internal_db.customer_service,risk_engine,order_id,query,risk_control,3
2026-05-18T10:18:59Z,service_bot_15,internal_db.payment_info,reporting_service,amount,sync,reporting,6
2026-05-18T10:22:01Z,service_bot_19,internal_db.payment_info,recommendation_service,amount,sync,recommendation,12
2026-05-18T09:21:21Z,report_job_02,internal_db.audit_log,recommendation_service,device_id,transfer,recommendation,9
2026-05-18T10:36:50Z,report_job_15,internal_db.order_info,recommendation_service,address,sync,recommendation,7
2026-05-18T10:08:01Z,risk_job_12,internal_db.customer_service,data_warehouse,order_id,sync,business_analysis,10
2026-05-18T10:37:46Z,report_job_22,internal_db.audit_log,fraud_detection_service,device_id,query,fraud_detection,4
2026-05-18T10:18:24Z,service_bot_21,internal_db.order_info,fraud_detection_service,amount,sync,fraud_detection,2
2026-05-18T10:24:14Z,report_job_15,internal_db.user_profile,risk_engine,email,query,risk_control,7
2026-05-18T10:34:23Z,feature_job_17,internal_db.health_record,risk_engine,name,transfer,risk_control,2
2026-05-18T10:56:40Z,unknown_job_03,internal_db.audit_log,feature_platform,device_id,sync,feature_engineering,130
2026-05-18T10:45:07Z,export_job_04,internal_db.order_info,fraud_detection_service,address,export,fraud_detection,159
2026-05-18T10:53:59Z,partner_job_10,internal_db.location_trace,external_partner,device_id,transfer,unauthorized_export,5
2026-05-18T09:27:32Z,analyst_02,internal_db.order_info,recommendation_service,order_id,sync,recommendation,8
2026-05-18T09:12:01Z,report_job_08,internal_db.health_record,external_ad_platform,age,transfer,business_integration,12
2026-05-18T09:11:33Z,service_bot_05,internal_db.device_log,feature_platform,device_id,transfer,feature_engineering,1
2026-05-18T10:01:57Z,service_bot_27,internal_db.order_info,fraud_detection_service,address,transfer,fraud_detection,6
2026-05-18T09:25:47Z,feature_job_26,internal_db.marketing_profile,external_ad_platform,age,sync,business_integration,4
2026-05-18T09:09:13Z,service_bot_24,internal_db.marketing_profile,feature_platform,name,sync,feature_engineering,7
2026-05-18T09:36:17Z,analyst_11,internal_db.user_profile,external_crm,phone,transfer,customer_service,9
2026-05-18T10:47:06Z,partner_job_07,internal_db.device_log,risk_engine,location,export,risk_control,4
2026-05-18T09:04:47Z,risk_job_22,internal_db.order_info,risk_engine,order_id,sync,risk_control,4
2026-05-18T10:03:07Z,analyst_12,internal_db.order_info,fraud_detection_service,order_id,query,fraud_detection,2
2026-05-18T10:47:13Z,export_job_09,internal_db.risk_control,fraud_detection_service,amount,transfer,fraud_detection,157
2026-05-18T10:13:37Z,feature_job_24,internal_db.health_record,external_ad_platform,age,sync,business_integration,6
2026-05-18T09:06:53Z,feature_job_03,internal_db.customer_service,data_warehouse,order_id,sync,business_analysis,11
2026-05-18T09:43:59Z,risk_job_17,internal_db.location_trace,external_crm,phone,transfer,customer_service,2
2026-05-18T09:49:35Z,feature_job_11,internal_db.payment_info,analytics_service,amount,query,statistics,8
2026-05-18T10:35:12Z,feature_job_20,internal_db.order_info,external_crm,order_id,query,customer_service,3
2026-05-18T10:41:23Z,partner_job_07,internal_db.location_trace,external_crm,device_id,transfer,unauthorized_export,4
2026-05-18T09:07:14Z,report_job_11,internal_db.user_profile,external_crm,phone,transfer,customer_service,1
2026-05-18T10:16:18Z,feature_job_06,internal_db.user_profile,analytics_service,age,sync,statistics,3
2026-05-18T10:31:35Z,risk_job_24,internal_db.payment_info,external_payment_gateway,order_id,query,business_integration,4
2026-05-18T10:55:51Z,partner_job_08,internal_db.location_trace,third_party_analytics,location,transfer,background_sync,5
2026-05-18T10:51:53Z,unknown_job_05,internal_db.audit_log,unknown_external,email,transfer,unauthorized_export,5
2026-05-18T10:18:17Z,report_job_24,internal_db.order_info,external_payment_gateway,amount,transfer,business_integration,10
2026-05-18T10:43:36Z,unknown_job_05,internal_db.user_profile,data_warehouse,email,sync,statistics,1
2026-05-18T09:01:31Z,service_bot_12,internal_db.location_trace,external_crm,phone,sync,customer_service,4
2026-05-18T09:08:24Z,sync_worker_09,internal_db.marketing_profile,external_ad_platform,age,transfer,business_integration,12
2026-05-18T10:12:20Z,analyst_13,internal_db.user_profile,external_crm,email,query,customer_service,5
2026-05-18T09:26:22Z,service_bot_07,internal_db.order_info,third_party_analytics,product_id,transfer,business_integration,9
2026-05-18T10:30:11Z,report_job_30,internal_db.marketing_profile,external_ad_platform,age,transfer,business_integration,11
2026-05-18T10:51:18Z,partner_job_05,internal_db.order_info,fraud_detection_service,amount,export,fraud_detection,2
2026-05-18T09:30:34Z,report_job_14,internal_db.location_trace,recommendation_service,device_id,query,recommendation,2
2026-05-18T10:10:28Z,sync_worker_10,internal_db.payment_info,feature_platform,amount,sync,feature_engineering,10
2026-05-18T10:36:08Z,risk_job_21,internal_db.marketing_profile,third_party_analytics,age,transfer,business_integration,8
2026-05-18T10:14:26Z,report_job_28,internal_db.location_trace,data_warehouse,location,query,business_analysis,7
2026-05-18T10:02:46Z,analyst_10,internal_db.order_info,fraud_detection_service,order_id,sync,fraud_detection,6
2026-05-18T10:32:31Z,feature_job_10,internal_db.order_info,recommendation_service,address,sync,recommendation,1
2026-05-18T10:18:31Z,report_job_22,internal_db.customer_service,data_warehouse,order_id,transfer,business_analysis,4
2026-05-18T09:46:19Z,report_job_05,internal_db.marketing_profile,third_party_analytics,gender,sync,business_integration,9
2026-05-18T10:16:39Z,risk_job_13,internal_db.user_profile,data_warehouse,email,transfer,business_analysis,3
2026-05-18T10:08:08Z,feature_job_19,internal_db.payment_info,recommendation_service,amount,transfer,recommendation,11
2026-05-18T10:25:38Z,risk_job_01,internal_db.payment_info,reporting_service,amount,sync,reporting,2
2026-05-18T09:11:47Z,sync_worker_23,internal_db.marketing_profile,feature_platform,name,sync,feature_engineering,8
2026-05-18T10:46:24Z,unknown_job_10,internal_db.payment_info,third_party_analytics,phone,sync,background_sync,3
2026-05-18T09:57:59Z,service_bot_24,internal_db.user_profile,risk_engine,email,transfer,risk_control,12
2026-05-18T10:35:47Z,risk_job_08,internal_db.health_record,risk_engine,name,transfer,risk_control,1
2026-05-18T09:24:02Z,service_bot_21,internal_db.user_profile,data_warehouse,email,query,business_analysis,5
2026-05-18T10:48:02Z,bulk_sync_02,internal_db.payment_info,shadow_api,auth_token,transfer,unknown,1
2026-05-18T09:21:14Z,feature_job_27,internal_db.marketing_profile,external_ad_platform,gender,transfer,business_integration,11
2026-05-18T09:15:24Z,feature_job_26,internal_db.customer_service,fraud_detection_service,order_id,transfer,fraud_detection,6
2026-05-18T09:05:08Z,sync_worker_14,internal_db.order_info,fraud_detection_service,order_id,sync,fraud_detection,7
2026-05-18T09:07:56Z,risk_job_10,internal_db.order_info,third_party_analytics,product_id,query,business_integration,4
2026-05-18T10:28:19Z,risk_job_10,internal_db.user_profile,feature_platform,email,sync,feature_engineering,8
2026-05-18T10:02:25Z,analyst_25,internal_db.order_info,external_crm,order_id,query,customer_service,5
2026-05-18T09:11:26Z,analyst_27,internal_db.device_log,data_warehouse,device_id,transfer,business_analysis,11
2026-05-18T10:52:49Z,partner_job_01,internal_db.audit_log,external_partner,salary,sync,partner_sync,8
2026-05-18T09:38:23Z,risk_job_18,internal_db.user_profile,external_crm,phone,transfer,customer_service,12
2026-05-18T10:16:32Z,analyst_28,internal_db.health_record,analytics_service,name,transfer,statistics,4
2026-05-18T09:48:53Z,risk_job_21,internal_db.user_profile,feature_platform,email,query,feature_engineering,10
2026-05-18T10:43:01Z,partner_job_06,internal_db.device_log,risk_engine,location,sync,risk_control,83
2026-05-18T09:33:43Z,report_job_30,internal_db.marketing_profile,fraud_detection_service,name,transfer,fraud_detection,6
2026-05-18T10:54:55Z,bulk_sync_10,internal_db.location_trace,external_partner,credit_score,sync,partner_sync,5
2026-05-18T10:36:15Z,report_job_02,internal_db.device_log,data_warehouse,device_id,transfer,business_analysis,3
2026-05-18T10:05:48Z,service_bot_21,internal_db.order_info,external_crm,order_id,query,customer_service,1
2026-05-18T09:59:23Z,sync_worker_18,internal_db.payment_info,feature_platform,amount,sync,feature_engineering,3
2026-05-18T10:21:33Z,analyst_29,internal_db.customer_service,fraud_detection_service,order_id,sync,fraud_detection,1
2026-05-18T10:02:32Z,analyst_09,internal_db.health_record,feature_platform,name,transfer,feature_engineering,7
2026-05-18T10:32:24Z,report_job_29,internal_db.user_profile,analytics_service,email,transfer,statistics,9
2026-05-18T09:46:12Z,risk_job_28,internal_db.customer_service,fraud_detection_service,order_id,query,fraud_detection,6
2026-05-18T10:04:17Z,risk_job_14,internal_db.location_trace,recommendation_service,device_id,query,recommendation,10
2026-05-18T10:18:38Z,risk_job_30,internal_db.device_log,data_warehouse,device_id,sync,business_analysis,12
2026-05-18T09:07:28Z,risk_job_29,internal_db.device_log,risk_engine,device_id,transfer,risk_control,4
2026-05-18T10:26:06Z,service_bot_12,internal_db.order_info,reporting_service,product_id,sync,reporting,6
2026-05-18T10:51:39Z,bulk_sync_02,internal_db.risk_control,third_party_analytics,email,export,background_sync,2
2026-05-18T09:28:28Z,sync_worker_07,internal_db.risk_control,analytics_service,amount,query,statistics,11
2026-05-18T10:14:05Z,sync_worker_13,internal_db.health_record,risk_engine,name,sync,risk_control,11
2026-05-18T09:43:24Z,sync_worker_15,internal_db.device_log,risk_engine,location,transfer,risk_control,10
2026-05-18T10:13:58Z,sync_worker_01,internal_db.customer_service,fraud_detection_service,email,query,fraud_detection,5
2026-05-18T10:51:32Z,bulk_sync_08,internal_db.risk_control,shadow_api,face_id,sync,unknown,4
2026-05-18T09:22:03Z,report_job_30,internal_db.order_info,recommendation_service,order_id,query,recommendation,5
2026-05-18T10:27:37Z,analyst_14,internal_db.customer_service,data_warehouse,email,transfer,business_analysis,3
2026-05-18T09:45:16Z,feature_job_18,internal_db.location_trace,external_crm,phone,transfer,customer_service,9
2026-05-18T10:00:26Z,service_bot_20,internal_db.payment_info,reporting_service,amount,query,reporting,5
2026-05-18T10:41:44Z,unknown_job_05,internal_db.risk_control,shadow_api,password,export,unknown,4
2026-05-18T09:00:00Z,analyst_24,internal_db.location_trace,external_crm,phone,sync,customer_service,4
2026-05-18T09:54:08Z,sync_worker_19,internal_db.order_info,recommendation_service,order_id,sync,recommendation,2
2026-05-18T09:43:45Z,sync_worker_03,internal_db.location_trace,data_warehouse,location,query,business_analysis,9
2026-05-18T10:04:38Z,feature_job_26,internal_db.order_info,third_party_analytics,product_id,transfer,business_integration,6
2026-05-18T10:55:58Z,partner_job_07,internal_db.audit_log,external_partner,bank_card,sync,partner_sync,8
2026-05-18T09:35:14Z,risk_job_17,internal_db.customer_service,data_warehouse,order_id,transfer,business_analysis,5
2026-05-18T09:53:40Z,service_bot_22,internal_db.health_record,external_ad_platform,age,query,business_integration,2
2026-05-18T10:38:14Z,risk_job_02,internal_db.health_record,feature_platform,age,query,feature_engineering,4
2026-05-18T10:03:21Z,report_job_25,internal_db.device_log,data_warehouse,device_id,transfer,business_analysis,12
2026-05-18T10:53:17Z,bulk_sync_08,internal_db.payment_info,shadow_api,auth_token,sync,unknown,4
2026-05-18T09:19:08Z,feature_job_03,internal_db.health_record,feature_platform,name,transfer,feature_engineering,1
2026-05-18T10:06:09Z,report_job_12,internal_db.audit_log,fraud_detection_service,device_id,sync,fraud_detection,8
2026-05-18T10:11:31Z,service_bot_14,internal_db.order_info,risk_engine,order_id,transfer,risk_control,8
2026-05-18T09:32:47Z,risk_job_07,internal_db.risk_control,feature_platform,device_id,query,feature_engineering,2
2026-05-18T09:55:53Z,analyst_20,internal_db.health_record,risk_engine,name,transfer,risk_control,8
2026-05-18T10:27:23Z,feature_job_13,internal_db.order_info,reporting_service,product_id,query,reporting,6
2026-05-18T09:38:37Z,report_job_03,internal_db.risk_control,feature_platform,amount,transfer,feature_engineering,8
2026-05-18T09:41:32Z,report_job_24,internal_db.location_trace,risk_engine,device_id,sync,risk_control,7
2026-05-18T10:46:45Z,shadow_worker_01,internal_db.audit_log,fraud_detection_service,device_id,transfer,recommendation,8
2026-05-18T09:22:17Z,feature_job_05,internal_db.health_record,feature_platform,age,sync,feature_engineering,4
2026-05-18T10:07:40Z,feature_job_06,internal_db.customer_service,feature_platform,order_id,sync,feature_engineering,6
2026-05-18T09:22:38Z,sync_worker_10,internal_db.user_profile,risk_engine,email,query,risk_control,10
2026-05-18T09:58:27Z,feature_job_29,internal_db.device_log,risk_engine,location,sync,risk_control,8
2026-05-18T10:48:16Z,partner_job_05,internal_db.payment_info,reporting_service,amount,transfer,reporting,159
2026-05-18T10:04:45Z,report_job_12,internal_db.marketing_profile,risk_engine,gender,transfer,risk_control,10
2026-05-18T09:35:07Z,report_job_21,internal_db.order_info,risk_engine,order_id,sync,risk_control,5
2026-05-18T10:06:44Z,risk_job_03,internal_db.order_info,external_payment_gateway,amount,sync,business_integration,1
2026-05-18T10:50:15Z,bulk_sync_04,internal_db.marketing_profile,fraud_detection_service,name,export,fraud_detection,2
2026-05-18T10:24:21Z,report_job_29,internal_db.payment_info,feature_platform,amount,sync,feature_engineering,6
2026-05-18T09:57:52Z,report_job_07,internal_db.health_record,external_ad_platform,age,sync,business_integration,5
2026-05-18T09:04:40Z,service_bot_03,internal_db.payment_info,external_payment_gateway,order_id,transfer,business_integration,6
2026-05-18T10:46:10Z,shadow_worker_09,internal_db.marketing_profile,third_party_analytics,gender,sync,business_integration,97
2026-05-18T09:15:59Z,report_job_14,internal_db.device_log,recommendation_service,device_id,query,recommendation,10
2026-05-18T10:26:27Z,analyst_22,internal_db.health_record,external_ad_platform,age,sync,business_integration,9
2026-05-18T09:42:42Z,service_bot_03,internal_db.risk_control,feature_platform,amount,transfer,feature_engineering,11
2026-05-18T09:45:02Z,risk_job_17,internal_db.payment_info,external_payment_gateway,order_id,sync,business_integration,2
2026-05-18T10:22:15Z,feature_job_07,internal_db.location_trace,analytics_service,location,sync,statistics,9
2026-05-18T09:02:27Z,sync_worker_19,internal_db.order_info,third_party_analytics,product_id,sync,business_integration,10
2026-05-18T09:22:59Z,service_bot_23,internal_db.risk_control,analytics_service,device_id,transfer,statistics,10
2026-05-18T10:27:30Z,analyst_26,internal_db.device_log,recommendation_service,device_id,query,recommendation,10
2026-05-18T09:52:23Z,risk_job_19,internal_db.user_profile,risk_engine,email,query,risk_control,4
2026-05-18T09:41:25Z,sync_worker_11,internal_db.marketing_profile,external_ad_platform,age,sync,business_integration,2
2026-05-18T10:30:18Z,service_bot_09,internal_db.payment_info,recommendation_service,amount,query,recommendation,5
2026-05-18T10:54:48Z,unknown_job_06,internal_db.customer_service,external_partner,location,transfer,background_sync,2
2026-05-18T10:34:09Z,risk_job_25,internal_db.location_trace,recommendation_service,device_id,transfer,recommendation,3
2026-05-18T10:06:37Z,report_job_04,internal_db.risk_control,risk_engine,device_id,sync,risk_control,12
2026-05-18T09:37:48Z,sync_worker_08,internal_db.location_trace,risk_engine,phone,sync,risk_control,10
2026-05-18T10:49:54Z,unknown_job_08,internal_db.marketing_profile,external_ad_platform,gender,sync,risk_control,2
2026-05-18T09:58:13Z,service_bot_18,internal_db.health_record,risk_engine,name,sync,risk_control,5
2026-05-18T10:50:29Z,shadow_worker_08,internal_db.audit_log,unknown_external,auth_token,transfer,unknown,3
2026-05-18T09:12:43Z,risk_job_15,internal_db.location_trace,external_crm,phone,transfer,customer_service,12
2026-05-18T10:48:09Z,unknown_job_04,internal_db.customer_service,fraud_detection_service,email,export,fraud_detection,8
2026-05-18T10:04:03Z,report_job_04,internal_db.customer_service,risk_engine,order_id,transfer,risk_control,5
2026-05-18T10:23:46Z,report_job_05,internal_db.location_trace,external_crm,phone,sync,customer_service,12
2026-05-18T09:18:19Z,report_job_03,internal_db.order_info,risk_engine,order_id,query,risk_control,11
2026-05-18T10:17:00Z,feature_job_22,internal_db.location_trace,risk_engine,location,transfer,risk_control,3
2026-05-18T09:42:28Z,risk_job_17,internal_db.order_info,external_crm,order_id,query,customer_service,11
2026-05-18T10:36:43Z,risk_job_27,internal_db.device_log,recommendation_service,device_id,sync,recommendation,3
2026-05-18T09:07:07Z,risk_job_13,internal_db.location_trace,data_warehouse,location,transfer,business_analysis,11
2026-05-18T10:55:37Z,bulk_sync_08,internal_db.health_record,analytics_service,name,sync,statistics,174
2026-05-18T10:30:39Z,feature_job_04,internal_db.audit_log,fraud_detection_service,device_id,transfer,fraud_detection,9
2026-05-18T09:40:22Z,risk_job_09,internal_db.location_trace,external_crm,phone,query,customer_service,1
2026-05-18T10:13:51Z,feature_job_20,internal_db.order_info,reporting_service,address,query,reporting,12
2026-05-18T10:21:54Z,feature_job_28,internal_db.health_record,external_ad_platform,age,sync,business_integration,6
2026-05-18T09:10:51Z,sync_worker_24,internal_db.order_info,external_crm,order_id,transfer,customer_service,10
2026-05-18T09:59:37Z,report_job_05,internal_db.user_profile,analytics_service,email,query,statistics,4
2026-05-18T09:18:47Z,risk_job_28,internal_db.risk_control,feature_platform,device_id,query,feature_engineering,7
2026-05-18T10:45:14Z,partner_job_03,internal_db.risk_control,shadow_api,face_id,sync,unknown,5
2026-05-18T09:10:37Z,sync_worker_14,internal_db.device_log,feature_platform,location,sync,feature_engineering,7
2026-05-18T10:44:04Z,export_job_05,internal_db.device_log,data_warehouse,device_id,export,business_analysis,157
2026-05-18T10:48:30Z,unknown_job_10,internal_db.order_info,external_partner,email,transfer,background_sync,7
2026-05-18T09:18:26Z,service_bot_05,internal_db.risk_control,external_payment_gateway,amount,query,business_integration,5
2026-05-18T10:11:10Z,sync_worker_30,internal_db.marketing_profile,recommendation_service,phone,sync,recommendation,8
2026-05-18T10:22:08Z,feature_job_01,internal_db.order_info,external_payment_gateway,amount,query,business_integration,12
2026-05-18T09:56:42Z,sync_worker_22,internal_db.order_info,third_party_analytics,product_id,sync,business_integration,9
2026-05-18T10:22:29Z,analyst_17,internal_db.health_record,analytics_service,name,sync,statistics,1
2026-05-18T10:33:34Z,analyst_22,internal_db.health_record,external_ad_platform,age,transfer,business_integration,11
2026-05-18T10:09:25Z,feature_job_24,internal_db.marketing_profile,external_ad_platform,gender,sync,business_integration,9
2026-05-18T10:42:33Z,export_job_06,internal_db.payment_info,feature_platform,amount,transfer,reporting,7
2026-05-18T09:01:03Z,feature_job_04,internal_db.marketing_profile,third_party_analytics,gender,sync,business_integration,2
2026-05-18T09:28:56Z,service_bot_05,internal_db.user_profile,risk_engine,email,query,risk_control,5
2026-05-18T10:34:16Z,service_bot_08,internal_db.marketing_profile,recommendation_service,name,query,recommendation,3
2026-05-18T09:47:15Z,sync_worker_16,internal_db.customer_service,fraud_detection_service,phone,sync,fraud_detection,9
2026-05-18T09:14:14Z,risk_job_25,internal_db.risk_control,analytics_service,device_id,sync,statistics,5
2026-05-18T10:09:46Z,report_job_04,internal_db.audit_log,recommendation_service,device_id,query,recommendation,11
2026-05-18T09:32:54Z,analyst_10,internal_db.location_trace,analytics_service,location,query,statistics,11
2026-05-18T10:34:51Z,report_job_15,internal_db.order_info,external_payment_gateway,order_id,sync,business_integration,2
2026-05-18T09:19:57Z,analyst_15,internal_db.device_log,data_warehouse,device_id,query,business_analysis,5
2026-05-18T10:49:33Z,partner_job_05,internal_db.device_log,third_party_analytics,device_id,sync,background_sync,6
2026-05-18T09:38:44Z,report_job_02,internal_db.location_trace,analytics_service,location,sync,statistics,9
2026-05-18T09:51:48Z,sync_worker_28,internal_db.risk_control,fraud_detection_service,amount,sync,fraud_detection,1
2026-05-18T10:15:36Z,analyst_01,internal_db.order_info,third_party_analytics,product_id,query,business_integration,3
2026-05-18T09:28:07Z,service_bot_15,internal_db.user_profile,data_warehouse,email,sync,business_analysis,4
2026-05-18T09:13:25Z,risk_job_10,internal_db.risk_control,risk_engine,amount,sync,risk_control,7
2026-05-18T09:26:01Z,sync_worker_04,internal_db.marketing_profile,external_ad_platform,age,query,business_integration,11
2026-05-18T10:19:34Z,feature_job_02,internal_db.location_trace,analytics_service,location,query,statistics,5
2026-05-18T09:06:11Z,sync_worker_24,internal_db.device_log,data_warehouse,device_id,query,business_analysis,11
2026-05-18T09:43:03Z,feature_job_12,internal_db.customer_service,feature_platform,order_id,sync,feature_engineering,6
2026-05-18T10:44:25Z,export_job_01,internal_db.location_trace,external_partner,id_card,transfer,partner_sync,3
2026-05-18T09:35:35Z,report_job_30,internal_db.risk_control,analytics_service,amount,query,statistics,11
2026-05-18T10:16:11Z,report_job_15,internal_db.payment_info,external_payment_gateway,order_id,query,business_integration,6
2026-05-18T09:57:24Z,report_job_08,internal_db.audit_log,fraud_detection_service,device_id,sync,fraud_detection,4
2026-05-18T09:30:13Z,report_job_20,internal_db.location_trace,external_crm,phone,query,customer_service,5
2026-05-18T09:14:35Z,analyst_08,internal_db.marketing_profile,external_ad_platform,age,transfer,business_integration,1
2026-05-18T10:43:50Z,shadow_worker_11,internal_db.marketing_profile,shadow_api,private_key,transfer,unknown,1
2026-05-18T10:05:34Z,risk_job_23,internal_db.audit_log,recommendation_service,device_id,query,recommendation,10
2026-05-18T10:28:54Z,analyst_10,internal_db.audit_log,data_warehouse,device_id,query,business_analysis,9
2026-05-18T09:05:01Z,report_job_26,internal_db.risk_control,risk_engine,amount,sync,risk_control,4
2026-05-18T10:26:55Z,analyst_25,internal_db.audit_log,data_warehouse,device_id,sync,business_analysis,3
2026-05-18T10:15:08Z,service_bot_18,internal_db.audit_log,data_warehouse,device_id,sync,business_analysis,7
2026-05-18T09:18:54Z,feature_job_24,internal_db.device_log,feature_platform,device_id,transfer,feature_engineering,4
2026-05-18T09:38:30Z,risk_job_03,internal_db.audit_log,fraud_detection_service,device_id,transfer,fraud_detection,5
2026-05-18T10:48:58Z,shadow_worker_03,internal_db.risk_control,third_party_analytics,medical_record,export,partner_sync,2
2026-05-18T10:21:19Z,risk_job_30,internal_db.risk_control,risk_engine,device_id,query,risk_control,9
2026-05-18T09:46:26Z,risk_job_08,internal_db.audit_log,feature_platform,device_id,sync,feature_engineering,2
2026-05-18T09:56:28Z,service_bot_22,internal_db.health_record,feature_platform,age,query,feature_engineering,4
2026-05-18T09:24:51Z,report_job_21,internal_db.payment_info,reporting_service,amount,sync,reporting,8
2026-05-18T10:19:27Z,service_bot_03,internal_db.health_record,risk_engine,name,query,risk_control,4
2026-05-18T10:02:11Z,report_job_16,internal_db.location_trace,external_crm,phone,transfer,customer_service,6
2026-05-18T09:11:12Z,report_job_15,internal_db.user_profile,external_crm,phone,sync,customer_service,11
2026-05-18T10:45:00Z,bulk_sync_06,internal_db.order_info,fraud_detection_service,order_id,transfer,fraud_detection,8
2026-05-18T10:27:44Z,analyst_19,internal_db.customer_service,feature_platform,order_id,transfer,feature_engineering,5
2026-05-18T09:54:57Z,risk_job_29,internal_db.marketing_profile,third_party_analytics,gender,sync,business_integration,8
2026-05-18T09:23:41Z,risk_job_11,internal_db.order_info,risk_engine,order_id,query,risk_control,12
2026-05-18T09:03:58Z,service_bot_22,internal_db.health_record,external_ad_platform,age,sync,business_integration,9
2026-05-18T10:28:05Z,analyst_13,internal_db.payment_info,reporting_service,amount,sync,reporting,12
2026-05-18T09:29:31Z,feature_job_19,internal_db.marketing_profile,external_ad_platform,gender,transfer,business_integration,8
2026-05-18T09:52:51Z,risk_job_10,internal_db.health_record,external_ad_platform,age,query,business_integration,12
2026-05-18T10:32:03Z,sync_worker_03,internal_db.risk_control,external_payment_gateway,amount,transfer,business_integration,6
2026-05-18T09:45:58Z,analyst_23,internal_db.device_log,feature_platform,location,transfer,feature_engineering,3
2026-05-18T09:29:38Z,feature_job_02,internal_db.audit_log,data_warehouse,device_id,query,business_analysis,11
2026-05-18T10:25:17Z,sync_worker_18,internal_db.health_record,fraud_detection_service,name,query,fraud_detection,12
2026-05-18T10:31:42Z,sync_worker_12,internal_db.risk_control,external_payment_gateway,amount,query,business_integration,5
2026-05-18T09:14:28Z,risk_job_08,internal_db.user_profile,feature_platform,email,query,feature_engineering,2
2026-05-18T09:01:24Z,analyst_13,internal_db.order_info,reporting_service,address,sync,reporting,8
2026-05-18T10:56:19Z,bulk_sync_08,internal_db.user_profile,external_partner,face_id,sync,partner_sync,6
2026-05-18T09:45:30Z,feature_job_02,internal_db.order_info,external_crm,order_id,transfer,customer_service,2
2026-05-18T10:37:32Z,risk_job_21,internal_db.user_profile,data_warehouse,email,sync,business_analysis,1
2026-05-18T09:29:52Z,report_job_22,internal_db.risk_control,risk_engine,device_id,transfer,risk_control,8
2026-05-18T10:40:34Z,unknown_job_04,internal_db.audit_log,third_party_analytics,credit_score,sync,partner_sync,4
2026-05-18T09:22:52Z,feature_job_25,internal_db.location_trace,analytics_service,location,query,statistics,7
2026-05-18T09:21:35Z,feature_job_05,internal_db.health_record,risk_engine,name,sync,risk_control,8
2026-05-18T09:56:07Z,report_job_15,internal_db.order_info,third_party_analytics,product_id,transfer,business_integration,9
2026-05-18T10:04:52Z,sync_worker_25,internal_db.health_record,fraud_detection_service,name,query,fraud_detection,1
2026-05-18T09:08:31Z,feature_job_01,internal_db.risk_control,feature_platform,device_id,transfer,feature_engineering,2
2026-05-18T09:46:47Z,service_bot_25,internal_db.location_trace,data_warehouse,location,transfer,business_analysis,8
2026-05-18T10:32:38Z,service_bot_11,internal_db.payment_info,reporting_service,amount,sync,reporting,10
2026-05-18T09:31:44Z,feature_job_30,internal_db.marketing_profile,external_ad_platform,age,query,business_integration,12
2026-05-18T09:06:39Z,service_bot_03,internal_db.user_profile,analytics_service,email,query,statistics,2
2026-05-18T09:17:23Z,risk_job_04,internal_db.order_info,recommendation_service,order_id,query,recommendation,9
2026-05-18T10:29:36Z,service_bot_28,internal_db.risk_control,fraud_detection_service,amount,sync,fraud_detection,10
2026-05-18T10:40:48Z,partner_job_08,internal_db.payment_info,external_payment_gateway,order_id,sync,business_integration,6
2026-05-18T09:09:34Z,service_bot_08,internal_db.location_trace,analytics_service,location,transfer,statistics,11
2026-05-18T09:39:26Z,analyst_25,internal_db.audit_log,feature_platform,device_id,sync,feature_engineering,4
2026-05-18T09:03:44Z,risk_job_08,internal_db.order_info,recommendation_service,address,transfer,recommendation,4
2026-05-18T10:34:30Z,sync_worker_26,internal_db.location_trace,risk_engine,phone,transfer,risk_control,7
2026-05-18T10:23:11Z,sync_worker_11,internal_db.marketing_profile,fraud_detection_service,email,transfer,fraud_detection,12
2026-05-18T09:55:18Z,sync_worker_08,internal_db.audit_log,fraud_detection_service,device_id,transfer,fraud_detection,1
2026-05-18T09:44:20Z,analyst_10,internal_db.payment_info,analytics_service,amount,sync,statistics,12
2026-05-18T09:59:30Z,feature_job_02,internal_db.audit_log,recommendation_service,device_id,transfer,recommendation,11
2026-05-18T10:35:26Z,analyst_16,internal_db.device_log,data_warehouse,device_id,transfer,business_analysis,10
2026-05-18T10:33:48Z,report_job_17,internal_db.payment_info,analytics_service,amount,query,statistics,5
2026-05-18T09:37:13Z,service_bot_08,internal_db.location_trace,recommendation_service,device_id,transfer,recommendation,3
2026-05-18T09:50:10Z,risk_job_16,internal_db.health_record,risk_engine,name,sync,risk_control,9
2026-05-18T09:40:50Z,sync_worker_16,internal_db.marketing_profile,external_ad_platform,gender,query,business_integration,3
2026-05-18T09:25:54Z,feature_job_09,internal_db.location_trace,external_crm,phone,query,customer_service,12
2026-05-18T09:58:55Z,risk_job_05,internal_db.customer_service,data_warehouse,email,transfer,business_analysis,6
2026-05-18T09:01:45Z,feature_job_24,internal_db.order_info,risk_engine,order_id,transfer,risk_control,3
2026-05-18T09:17:58Z,sync_worker_28,internal_db.device_log,data_warehouse,device_id,sync,business_analysis,2
2026-05-18T09:10:44Z,feature_job_05,internal_db.order_info,external_payment_gateway,amount,transfer,business_integration,7
2026-05-18T09:27:46Z,risk_job_22,internal_db.marketing_profile,risk_engine,gender,query,risk_control,12
2026-05-18T09:00:56Z,risk_job_20,internal_db.order_info,fraud_detection_service,address,sync,fraud_detection,1
2026-05-18T10:26:48Z,report_job_29,internal_db.device_log,feature_platform,device_id,query,feature_engineering,1
2026-05-18T09:52:16Z,sync_worker_09,internal_db.payment_info,feature_platform,amount,query,feature_engineering,3
2026-05-18T10:25:24Z,sync_worker_10,internal_db.audit_log,recommendation_service,device_id,sync,recommendation,4
2026-05-18T09:14:56Z,service_bot_10,internal_db.payment_info,feature_platform,amount,transfer,feature_engineering,10
2026-05-18T10:53:45Z,shadow_worker_01,internal_db.marketing_profile,external_partner,phone,transfer,background_sync,3
2026-05-18T09:33:36Z,analyst_13,internal_db.audit_log,data_warehouse,device_id,query,business_analysis,1
2026-05-18T09:12:08Z,analyst_18,internal_db.audit_log,fraud_detection_service,device_id,transfer,fraud_detection,2
2026-05-18T09:22:10Z,report_job_27,internal_db.audit_log,data_warehouse,device_id,sync,business_analysis,8
2026-05-18T09:02:34Z,service_bot_05,internal_db.marketing_profile,recommendation_service,phone,query,recommendation,8
2026-05-18T10:03:49Z,report_job_26,internal_db.marketing_profile,feature_platform,gender,transfer,feature_engineering,6
2026-05-18T09:05:50Z,analyst_30,internal_db.audit_log,recommendation_service,device_id,transfer,recommendation,3
2026-05-18T09:18:05Z,report_job_16,internal_db.user_profile,risk_engine,email,sync,risk_control,6
2026-05-18T09:02:13Z,service_bot_21,internal_db.customer_service,feature_platform,email,sync,feature_engineering,7
2026-05-18T09:38:16Z,feature_job_05,internal_db.payment_info,feature_platform,amount,sync,feature_engineering,1
2026-05-18T10:53:31Z,shadow_worker_03,internal_db.location_trace,risk_engine,device_id,sync,risk_control,115
2026-05-18T09:58:41Z,report_job_02,internal_db.location_trace,risk_engine,device_id,query,risk_control,4
2026-05-18T10:14:19Z,feature_job_29,internal_db.risk_control,fraud_detection_service,amount,transfer,fraud_detection,6
2026-05-18T10:23:39Z,feature_job_11,internal_db.user_profile,data_warehouse,email,query,business_analysis,4
2026-05-18T10:54:27Z,bulk_sync_06,internal_db.health_record,fraud_detection_service,name,sync,fraud_detection,5
2026-05-18T09:54:01Z,service_bot_11,internal_db.health_record,fraud_detection_service,name,query,fraud_detection,8
2026-05-18T10:13:44Z,service_bot_08,internal_db.marketing_profile,fraud_detection_service,phone,sync,fraud_detection,11
2026-05-18T09:54:22Z,feature_job_02,internal_db.marketing_profile,feature_platform,gender,query,feature_engineering,8
2026-05-18T10:16:04Z,risk_job_17,internal_db.location_trace,recommendation_service,device_id,transfer,recommendation,5
2026-05-18T09:13:11Z,report_job_02,internal_db.audit_log,recommendation_service,device_id,transfer,recommendation,7
2026-05-18T09:34:32Z,feature_job_17,internal_db.audit_log,data_warehouse,device_id,transfer,business_analysis,6
2026-05-18T09:16:13Z,report_job_19,internal_db.risk_control,feature_platform,amount,query,feature_engineering,11
2026-05-18T09:21:42Z,analyst_01,internal_db.order_info,external_payment_gateway,amount,query,business_integration,10
2026-05-18T09:08:10Z,risk_job_29,internal_db.audit_log,data_warehouse,device_id,transfer,business_analysis,2
2026-05-18T10:41:58Z,bulk_sync_09,internal_db.marketing_profile,risk_engine,name,export,risk_control,134
2026-05-18T09:22:24Z,sync_worker_29,internal_db.customer_service,fraud_detection_service,phone,transfer,fraud_detection,2
2026-05-18T09:49:14Z,service_bot_01,internal_db.user_profile,data_warehouse,email,sync,business_analysis,6
2026-05-18T09:32:05Z,analyst_05,internal_db.order_info,external_crm,order_id,query,customer_service,11
2026-05-18T10:36:36Z,risk_job_12,internal_db.payment_info,analytics_service,amount,sync,statistics,10
2026-05-18T10:03:28Z,feature_job_17,internal_db.audit_log,feature_platform,device_id,transfer,feature_engineering,11
2026-05-18T10:28:40Z,service_bot_15,internal_db.user_profile,external_crm,email,transfer,customer_service,7
2026-05-18T10:17:28Z,report_job_12,internal_db.order_info,third_party_analytics,product_id,query,business_integration,8
2026-05-18T09:33:57Z,analyst_13,internal_db.marketing_profile,feature_platform,gender,transfer,feature_engineering,6
2026-05-18T09:32:26Z,feature_job_20,internal_db.marketing_profile,third_party_analytics,gender,transfer,business_integration,1
2026-05-18T10:21:47Z,risk_job_18,internal_db.health_record,feature_platform,name,query,feature_engineering,1
2026-05-18T10:22:50Z,feature_job_28,internal_db.payment_info,reporting_service,amount,sync,reporting,2
2026-05-18T10:36:22Z,risk_job_26,internal_db.user_profile,data_warehouse,email,query,business_analysis,6
2026-05-18T10:13:09Z,service_bot_21,internal_db.payment_info,analytics_service,order_id,query,statistics,3
2026-05-18T10:48:44Z,partner_job_09,internal_db.order_info,unknown_external,device_id,transfer,unauthorized_export,3
2026-05-18T10:35:33Z,feature_job_07,internal_db.health_record,fraud_detection_service,name,sync,fraud_detection,12
2026-05-18T10:31:14Z,sync_worker_11,internal_db.user_profile,analytics_service,age,query,statistics,3
2026-05-18T10:01:43Z,report_job_25,internal_db.risk_control,external_payment_gateway,amount,query,business_integration,3
2026-05-18T09:28:35Z,analyst_26,internal_db.customer_service,fraud_detection_service,order_id,sync,fraud_detection,4
2026-05-18T10:14:40Z,analyst_09,internal_db.user_profile,feature_platform,email,transfer,feature_engineering,1
2026-05-18T09:50:24Z,report_job_27,internal_db.audit_log,recommendation_service,device_id,sync,recommendation,3
2026-05-18T09:09:27Z,report_job_08,internal_db.marketing_profile,risk_engine,name,transfer,risk_control,8
2026-05-18T09:31:23Z,feature_job_07,internal_db.order_info,fraud_detection_service,amount,transfer,fraud_detection,11
2026-05-18T09:26:15Z,analyst_30,internal_db.marketing_profile,third_party_analytics,age,sync,business_integration,6
2026-05-18T09:45:09Z,sync_worker_18,internal_db.device_log,risk_engine,device_id,sync,risk_control,3
2026-05-18T10:38:56Z,feature_job_18,internal_db.location_trace,external_crm,phone,transfer,customer_service,11
2026-05-18T09:46:33Z,service_bot_05,internal_db.device_log,recommendation_service,device_id,transfer,recommendation,1
2026-05-18T10:17:07Z,report_job_03,internal_db.health_record,analytics_service,name,sync,statistics,5
2026-05-18T10:27:58Z,analyst_06,internal_db.risk_control,fraud_detection_service,amount,sync,fraud_detection,7
